.,Type,Vendor,Model,Serial number,CPU,Memory,GB,Grading,Comments,Repairs,Locked,Locked to,kan sælges på Refurbed,Keyboard,Battery,Battery threshold,Internal
1,Laptop,HP,HP EliteBook 840 G5,5CG9051NZG,i7-8650U,16 GB DDR4,256 GB,C,"Normal W&T, Dents (Palmrest)",,,,FALSE,DK,61.00%,Below,PPT
1,Laptop,HP,EliteBook 840 G6,5CG9425KJK,i7-8665U,16 GB DDR4,256 GB,C,"Normal W&T, Heavy Tear, (Palmrest) Small Marks on Screen",,,,FALSE,DK,69.00%,Below,PPT
1,Laptop,Dell,Latitude 3420,DDX8HS3,i5-1145G7,16 GB DDR4,256 GB,B,Normal W&T,,,,FALSE,DK,82.00%,Above,Januar 25
1,Laptop,Dell,Latitude 3420,64X8HS3,i5-1145G7,16 GB DDR4,256 GB,B,Normal W&T,,Yes,GBT,FALSE,Scandinavian (MUI),92.00%,Above,Januar 25
1,Laptop,Dell,Latitude 3420,6QWRGS3,i5-1145G7,16 GB DDR4,256 GB NVMe,B,Normal W&T,,Yes,GBT,FALSE,Belgian,83.00%,Above,February
1,Laptop,Dell,Latitude 3420,D3X8HS3,i5-1145G7,16 GB DDR4,256 GB NVMe,B,Normal W&T,,Yes,GBT,FALSE,Scandinavian,100.00%,Above,February
1,Laptop,Dell,Latitude 3420,674WGS3,i5-1145G7,16 GB DDR4,256 GB,B,Normal W&T,,MAR,,TRUE,German,100.00%,Above,
1,Laptop,Dell,Latitude 5400,42GGQ13,i7-8665U,16 GB DDR4,256 GB,C,"Normal W&T, Whitespots on screen",,MAR,,FALSE,DK,86.00%,Above,November
1,Laptop,Dell,Latitude 5400,56NZ733,i7-8665U,16 GB DDR4,256 GB,C,"Normal W&T, Whitespots on screen",,No,,FALSE,DK,95.00%,Above,November
1,Laptop,Dell,Latitude 5400,26WSN13,i7-8665U,16 GB DDR4,256 GB NVMe,C,"Normal W&T, Whitespots on Screen, Defective Fan",,No,,FALSE,English (International),98.00%,Above,
1,Laptop,Dell,Latitude 5400,1KHSN13,i7-8665U,16 GB DDR4,256 GB NVMe,C,"Normal W&T, Whitespots on Screen, Marks on Screen",,No,,FALSE,Nordic,98.00%,Above,
1,Laptop,Dell,Latitude 5400,HNV5633,i7-8665U,16 GB DDR4,256 GB NVMe,C,"Normal W&T, Whitespots on Screen",,No,,FALSE,Norwegian,81.00%,Above,
1,Laptop,Dell,Latitude 5420,86B46J3,i7-1185G7,16 GB DDR4,256 GB NVMe,B,Normal W&T,,No,,FALSE,French,100.00%,Above,February
1,Laptop,Dell,Latitude 5430,7D4LSQ3,i7-1255U,16 GB DDR4,256 GB,B,Normal W&T,,Yes,GBT,FALSE,Nordic,100.00%,Above,
1,Laptop,Dell,Latitude 5430,BJP2TQ3,i7-1255U,16 GB DDR4,256 GB,B,Normal W&T,,Yes,GBT,FALSE,Nordic,100.00%,Above,
1,Laptop,Dell,Latitude 5430,B68VCK3,i7-1255U,16 GB DDR4,256 GB,B,Normal W&T,,MAR,,TRUE,Nordic,95.00%,Above,
1,Laptop,Apple,"Macbook Pro 13"" (A1989/2019)",C02Y61DEJHD2,i7-8559U 2.7,16 GB DDR3,512 GB NVMe,B,"Normal W&T, small marks on Screen
Normal W&T
",,No,,FALSE,,69.00%,Below,February
1,Laptop,Apple,"Macbook Pro 13"" (A1706/2017)",C02VH3JLHV2N,"3,1 GHz i5",8GB DDR3,256GB,B,"Normal W&T, missing battery",,No,,FALSE,English UK,N/A,N/A,May
1,Laptop,Apple,"Macbook Pro 13"" (A1708/2017)",FVFWN0LGHV2J,,,,B,Normal W&T,,Yes,Expedia,FALSE,French,N/A,N/A,July
1,Laptop,Apple,"Macbook Pro 13"" (A1989/2019)",C02ZF1A0LVDN,,,,C,"Marks on Screen, Defective Key ""1"" key. ",,Yes,Expedia,FALSE,English UK,N/A,N/A,October
1,Laptop,Apple,"Macbook Pro 15"" (A1398/2015)",C02V10P9G8WL,"2,2 GHz i7",16GB DDR4,256GB,C,Marks on Screen,,No,,FALSE,French,59.00%,Below,July
1,Laptop,Apple,"Macbook Pro 15"" A1990/2019)",C02Z91JNLVDT,,,,B,"Normal W&T, Small Marks on Screen,",,Yes,Expedia,FALSE,Belgian,N/A,N/A,April
1,Laptop,Apple,"Macbook Pro 15"" A1990/2019)",C02X602SJG5L,"2,2 GHz i7",16GB DDR4,256GB,D,"heavy tear (slightly bent corner on screen, small marks screen, worn keys",,No,,FALSE,English US,59.00%,Below,June
1,Laptop,Apple,"Macbook Pro 15"" A1990/2019)",C02X6227JGH7,"2,2 GHz i7",16GB DDR4,256GB,B,Normal W&T,,No,,FALSE,Belgian,70.00%,Below,June
1,Laptop,Apple,"Macbook Pro 15"" A1990/2019)",C02Z91JQLVDT,"2,6 GHz i7",16GB DDR4,256GB,C,"Marks on screen, Defective Key (Tab key, Cannot Repair? - MORTEN)",,No,,FALSE,Belgian,78.00%,Below,May
1,Laptop,Apple,"Macbook Pro 16"" (A2141/2019)",C02CH0H9MD6V,"2,6 GHz i7",32GB DDR4,256GB,D,"Normal W&T, Battery dead, Power button defective",,Yes,GBT,FALSE,English UK,N/A,N/A,November
1,Laptop,Dell,Precision 5570,G6NVHR3,i7-12800H,16 GB DDR5,512 GB,C,"Normal W&T, small scratches (Top Cover)",,Yes,GBT,FALSE,French,46.00%,Below,
1,Laptop,HP,ProBook 430 G6,5CD851652Q,i5-8265U,16 GB DDR4,256 GB,B,"Normal W&T, Small Marks on Screen",Replaced CMOS,No,,FALSE,Scandinavian,100.00%,Above,
1,Laptop,HP,ProBook 450 G7,5CD112695H,i5-10210,8 GB DDR4,256 GB,C,"Normal W&T, Marked Screen, Defective CMOS Battery",,No,,FALSE,Scandinavian,94.00%,Above,Vingaardshus
1,Laptop,HP,ProBook 450 G7,5CD112696K,i5-10210,8 GB DDR4,256 GB,B,"Normal W&T, Defective CMOS Battery",,MAR,,TRUE,Scandinavian,94.00%,Above,Vingaardshus
1,Laptop,Microsoft,Surface Pro 7+,22443613453,i7-1165G7,16 GB DDR4,256 GB NVMe,C,"Normal W&T, Heavy Tear (Back Cover), Silver",,,,FALSE,,N/A,N/A,August
1,Laptop,Microsoft,Surface Pro 9,0F01V5323103BF,i7-1265U,16 GB DDR5,256 GB NVMe,B,"Normal W&T, Dark Gray (Graphite)",,,,FALSE,UK,96.00%,Above,June
1,Laptop,Lenovo,ThinkPad X1 Yoga G4,PF20Z5Y7,i7-8665U,16 GB DDR3,256 GB NVMe,C,"Normal W&T, Marks on Screen, Defective CMOS Battery",,No,,FALSE,British,80.00%,Above,May
1,Laptop,Lenovo,ThinkPad X1 Yoga G4,PF25K4KH,i7-8665U,16 GB LPDDR3,256 GB,C,"Normal W&T, Heavy Tear (Top Cover) Marks on Screen, Defective CMOS Battery",,MAR,,FALSE,British,85.00%,Above,
1,Laptop,Lenovo,ThinkPad X1 Yoga G4,PF20WX9H,i7-8665U,16 GB LPDDR3,256 GB,C,"Normal W&T, Marks on Screen, Loose Key (F2), (Not good enough  for Refurbed), Defective CMOS Battery",,MAR,,FALSE,Nordic Sticky,83.00%,Above,
1,Laptop,Dell,Latitude 3420,44X8HS3,i5-1145G7,16 GB DDR4,256 GB NVMe,B,Normal W&T,,Yes,GBT,FALSE,Scandinavian,93.00%,Above,
1,Laptop,Dell,Latitude 3420,74X8HS3,i5-1145G7,16 GB DDR4,256 GB NVMe,B,Normal W&T,,Yes,GBT,FALSE,Scandinavian,100.00%,Above,
1,Laptop,Dell,Latitude 5430,6528JR3,i7-1255U,16 GB DDR4,256 GB NVMe,B,Normal W&T,,Yes,GBT,FALSE,Nordic,100.00%,Above,
1,Laptop,Dell,Latitude 3430,HMWVGS3,i5-1235U,16 GB DDR4,256 GB NVMe,C,"Normal W&T, Heavy Tear (Top Cover), Cracked Palmrest, Broken Screw (Back Cover can't open)",,Yes,GBT,FALSE,English (UK),82.00%,Above,
1,Laptop,Apple,"Macbook Pro 15"" (A1707/2017)",C02WN0G2HTDF,i7-7920HQ,16 GB DDR3,1000 GB NVMe,C,"Normal W&T, Marks on Screen, Touch Bar Defective (Right Side), Heavy Tear (Palm Rest)",,No,,FALSE,Spanish,65.00%,Below,Maj 25
1,Laptop,Dell,Latitude 5420,JJF56J3,i7-1185G7,16 GB DDR4,256 GB NVMe,B,Normal W&T,,No,,FALSE,German,82.00%,Above,Maj 25
1,Laptop,Dell,Latitude 5440,2ZK89Y3,i7-1365U,16 GB DDR4,256 GB NVMe,B,Normal W&T,,Yes,GBT,FALSE,English International,78.00%,Below,Maj 25
1,Laptop,Dell,Latitude 5410,6J4M593,i7-10610U,16 GB DDR4,256 GB NVMe,B,Normal W&T,,No,,FALSE,French,44.00%,Below,Juni 25
1,Laptop,Dell,Latitude 5440,JR03SV3,i7-1365U,16 GB DDR4,256 GB,D,"Normal W&T, Heavy Tear (Top Cover), Small Mark on Screen(Center left), Scratches Palm Rest(Right edge)",,Yes,GBT,FALSE,Swedish/Finnish,98.00%,Above,August '24
1,Laptop,Dell,Latitude 3430,H6G4GS3,i5-1235U,16 GB DDR4,256 GB,D,"Normal W&T, Heavy Tear (Top&Bottom Cover), Broken Screen, Cracked Top Cover, Worn Key (A)",,Yes,GBT,FALSE,English UK,85.00%,Above,Juli '24
1,Laptop,Dell,Latitude 5420,2L9BQN3,i7-1185G7,16 GB DDR4,256 GB NVMe,B,Normal W&T,,Yes,GBT,FALSE,Nordic,83.00%,Above,June '25
1,Laptop,Dell,Latitude 5440,4K69D44,i7-1365U,16 GB DDR4,256 GB NVMe,D,"Normal W&T, Heavy Tear (Top Cover), Drop Damage, Defective Microphone",,Yes,GBT,FALSE,French (Europe),92.00%,Above,June '25
1,Laptop,Dell,Latitude 5440,9NSHY04,i7-1365U,16 GB DDR4,256 GB NVMe,D,"N W&T, Heavy Tear (Top & Bottom Cover), Drop Damage, Marks on Screen",,Yes,GBT,FALSE,English (UK),78.00%,Below,June '25
1,Laptop,Dell,Latitude 5440,BYQDFY3,i7-1365U,16 GB DDR4,256 GB NVMe,C,"Normal W&T, Heavy Tear (Top Cover)",,Yes,GBT,FALSE,English (International),100.00%,Above,June '25
1,Laptop,Dell,Latitude 5430,BZLSHR3,i7-1255U,16 GB DDR4,512 GB NVMe,B,Normal W&T,,MAR,,TRUE,DK,92.00%,Above,June '25
1,Laptop,Microsoft,Surface Pro 6,5293753,i5-8350U,8 GB LPDDR3,256 GB,C,"Normal W&T, Heavy Tear (Top Cover), Black",,No,,FALSE,Nordic Sticky,100.00%,Above,January '24
1,Laptop,Dell,Latitude 5400,44NZ733,i7-8665U,16 GB DDR4,256 GB,C,"Normal W&T, Whitespots on Screen",,No,,FALSE,DK,N/A,N/A,November
1,Laptop,Dell,Latitude 5410,D0NM593,i7-10610U,16 GB DDR4,256 GB NVMe,B,Normal W&T,,No,,FALSE,French,100.00%,Above,July '25
1,Laptop,Lenovo,ThinkPad X1 Yoga 3rd,R90P28P2,i5-8350U,16 GB DDR3,256 GB NVMe,C,"Normal W&T, Marks on Screen",,No,,FALSE,French,76.00%,Below,July '25
1,Laptop,HP,EliteBook 745 G2,5CG5341J6R,"AMD Corporation; Family: A-Series; Version: AMD A6 PRO-7050B R4, 5 Compute Cores 2C+3G; Frequency: 2200 MHz; Cores: 2",4 GB DDR3,16 GB SSD,C,Normal W&T.missing trackpoint,,No,,FALSE,Norwegian,,,July '25
1,Laptop,Apple,"Macbook Pro 13"" (A1989/2019)",C02Y10YEJHCF,,,,C,"Normal W&T, Marks on Screen",,No,,FALSE,,,,July '25
1,Laptop,Lenovo,ThinkPad T14s Gen 2,PC24MHHE,i5-1135G7,16 GB DDR4,256 GB NVMe,C,"Normal W&T, Marks on Screen, Whitespots on Screen, Broken Mouse 1, Battery Not Charging. Kan ikke sælges på Refurbed",,No,,FALSE,Nordic,0.00%,Below,Elrecycling
1,Laptop,Dell,Latitude 3430,7PWVGS3,i5-1235U,16 GB DDR4,256 GB NVMe,B,"Normal W&T, Small Scratches (Top Cover)",,Yes,GBT,FALSE,English (UK),90.00%,Above,July '25
1,Laptop,Dell,Latitude 3420,9K4WGS3,i5-1145G7,16 GB DDR4,256 GB NVMe,B,Normal W&T,,Yes,GBT,FALSE,Scandinavian,84.00%,Above,July '25
1,Laptop,Dell,Latitude 3430,GGYXGS3,i5-1235U,16 GB DDR4,256 GB NVMe,C,"Normal W&T, Scratches Top Cover",,Yes,GBT,FALSE,Nordic,99.00%,Above,July '25
1,Laptop,Dell,Latitude 5430,7N5LJR3,i7-1255U,16 GB DDR4,256 GB NVMe,B,Normal W&T,,MAR,,TRUE,Nordic,100.00%,Above,August '25
1,Laptop,Dell,Latitude 5430,DJK1WV3,i7-1255U,16 GB DDR4,256 GB NVMe,C,"Normal W&T, Heavy Tear(Top Cover)",,Yes,GBT,TRUE,Nordic,100.00%,Above,August '25
1,Laptop,Dell,Latitude 5430,4CQRJR3,i7-1255U,16 GB DDR4,256 GB NVMe,B,Normal W&T,,MAR,,TRUE,Nordic,100.00%,Above,August '25
1,Laptop,Dell,Latitude 5420,J59L4J3,i7-1185G7,16 GB DDR4,256 GB NVMe,B,Normal W&T,,Yes,GBT,FALSE,UK,100.00%,Above,August '25
1,Laptop,Dell,Latitude 5420,80R46J3,i7-1185G7,16 GB DDR4,256 GB NVMe,B,Normal W&T,,Yes,GBT,FALSE,EN US,81.00%,Above,August '25
1,Laptop,Dell,Latitude 5420,9GR67M3,i7-1185G7,16 GB DDR4,256 GB NVMe,B,Normal W&T,,Yes,GBT,FALSE,EN,63.00%,Below,August '25
1,Laptop,Dell,Latitude 5410,JNYL593,i7-10610U,16 GB DDR4,256 GB NVMe,B,Normal W&T,,Yes,GBT,FALSE,French,82.00%,Above,August '25
1,Laptop,Dell,Latitude 5420,6X7BZ33,i7-1185G7,16 GB DDR4,256 GB NVMe,B,Normal W&T,,Yes,GBT,FALSE,EN,93.00%,Above,August '25
1,Laptop,Dell,Latitude 5410,7RH1GB3,i7-10610U,16 GB DDR4,256 GB NVMe,B,Normal W&T,,No,,FALSE,German,77.00%,Below,August '25
1,Laptop,Dell,Latitude 5400,8HHSN13,i7-8665U,16 GB DDR4,256 GB NVMe,C,"Normal W&T, Whitespots on Screen",,No,,FALSE,UK,78.00%,Below,August '25
1,Laptop,Lenovo,ThinkPad T410,R8A1FPT,N/A,4 GB DDR3,320 GB HDD,C,"Normal W&T, Heavy Tear (Top cover) Worn Keys (E, R, T, A, S)",,No,,FALSE,,90.00%,Above,August '25
1,Laptop,Lenovo,ThinkPad T61,L3Z8616,N/A,1 GB DDR2,80 GB HDD,C,"Normal W&T. Heavy Tear (Top Cover). Worn keyboard, Worn keys (E, R, S, N)",,No,,FALSE,,28.00%,Below,August '25
1,Laptop,Lenovo,ThinkPad T580,R90VB920,i7-8650U,16 GB DDR4,512 GB NVMe,C,"Normal W&T, Heavy Tear(Top Cover), Small Marks on Screen",,No,,FALSE,Nordic,92.00%,Above,HTH
1,Laptop,Apple,"Macbook Pro 13"" (A1989/2019)",C02Y61DFJHD2,i7-8559U 2.7,16 GB DDR3,512GB NVMe,D,"Normal W&T, Broken Screen",,No,,FALSE,,87.00%,Above,August '25
1,Laptop,Dell,Latitude 5430,7ZJGJR3,i7-1265U,16 GB DDR4,256 GB,B,Normal W&T,,Yes,GBT,TRUE,English UK,100.00%,Above,August '25
1,Laptop,Dell,Latitude 5430,24LKSQ3,i7-1265U,16 GB DDR4,256 GB,B,Normal W&T,,Yes,GBT,TRUE,Spanish (Castillian),100.00%,Above,August '25
1,Laptop,Dell,Latitude 5430,F692TQ3,i7-1255U,16 GB DDR4,256 GB,B,Normal W&T,,Yes,GBT,TRUE,Belgian,100.00%,Above,August '25
1,Laptop,Dell,Latitude 5430,9Z71TQ3,i7-1265U,16 GB DDR4,256 GB,B,Normal W&T,,Yes,GBT,TRUE,Spanish (Castillian),93.00%,Above,August '25
1,Laptop,Dell,Latitude 3420,5L4WGS3,i5-1145G7,16 GB DDR4,256 GB,B,Normal W&T,,Yes,GBT,FALSE,Scandinavian (MUI),100.00%,Above,August '25
1,Laptop,Dell,Latitude 3420,GK9SGS3,i5-1145G7,16 GB DDR4,256 GB,B,Normal W&T,,No,,FALSE,Scandinavian (MUI),100.00%,Above,August '25
1,Laptop,Dell,Latitude 3420,8L4WGS3,i5-1145G7,16 GB DDR4,256 GB,B,Normal W&T,,Yes,GBT,FALSE,Scandinavian (MUI),100.00%,Above,August '25
1,Docking Station,Lenovo,40AN,ZJZ0ECFD,N/A,N/A,N/A,C,Heavy W&T (Top cover scratches) (Unsellable on refurbed),,,,FALSE,N/A,N/A,N/A,El-Recycling
1,Docking Station,Lenovo,40A8,UU605Q6V,N/A,N/A,N/A,C,"Normal W&T, Scratches (Top, Back around ports) Heavy Tear (Front)",,,,FALSE,N/A,N/A,N/A,Elrecycling
1,Docking Station,Dell,WD19,GDQQN03,N/A,N/A,N/A,B,"Normal W&T, Scratches (Back)",,,,FALSE,N/A,N/A,N/A,HUC
1,Docking Station,Dell,WD19,4DZLQH3,N/A,N/A,N/A,B,Normal W&T,,,,FALSE,N/A,N/A,N/A,HUC
1,Docking Station,Dell,WD19,4Y7MNZ2,N/A,N/A,N/A,C,"Normal W&T, Heavy Tear (Scratches)",,,,FALSE,N/A,N/A,N/A,HUC
1,Docking Station,Dell,WD19,B9W5973,N/A,N/A,N/A,C,"Normal W&T, Scratches, Marks",,,,FALSE,N/A,N/A,N/A,HUC
1,Docking Station,Dell,WD19,C17CN03,N/A,N/A,N/A,C,"Normal W&T, Marks (Top) Scratches (Front, Back, Bottom)",,,,FALSE,N/A,N/A,N/A,HUC
1,Docking Station,Dell,WD19,9S6CN03,N/A,N/A,N/A,C,"Normal W&T, Scratches (Top, Front, Back)",,,,FALSE,N/A,N/A,N/A,HUC
1,Docking Station,Dell,WD19,2G8ZN03,N/A,N/A,N/A,C,"Normal W&T, Marks, Scratches, Corner damage",,,,FALSE,N/A,N/A,N/A,HUC
1,Docking Station,Dell,WD19,JKT8N03,N/A,N/A,N/A,C,"Normal W&T, Scratches (Top, Back)",,,,FALSE,N/A,N/A,N/A,HUC
1,Docking Station,Dell,WD19,84HLN03,N/A,N/A,N/A,C,"Normal W&T, Scratches (Top, Front, Back, Right)",,,,FALSE,N/A,N/A,N/A,HUC
1,Docking Station,Dell,WD19S,H517KP3,N/A,N/A,N/A,B,Normal W&T,,,,FALSE,N/A,N/A,N/A,HUC
1,Docking Station,Dell,WD19S,HFGDNR3,N/A,N/A,N/A,B,Normal W&T,,,,FALSE,N/A,N/A,N/A,HUC
1,Docking Station,Dell,WD19S,1RZ91G3,N/A,N/A,N/A,B,Normal W&T,,,,FALSE,N/A,N/A,N/A,HUC
1,Docking Station,Dell,WD19S,C4HWLM3,N/A,N/A,N/A,B,"Normal W&T, Scratches (Front, Back)",,,,FALSE,N/A,N/A,N/A,HUC
1,Docking Station,Dell,WD19S,HKLHPJ3,N/A,N/A,N/A,C,"Normal W&T, Scratches (Top, Back)",,,,FALSE,N/A,N/A,N/A,HUC
1,Docking Station,Dell,WD19S,J3T55S3,N/A,N/A,N/A,C,"Normal W&T, Heavy tear (Edge damage)",,,,FALSE,N/A,N/A,N/A,HUC
1,Docking Station,Dell,WD19S,7BDZ4S3,N/A,N/A,N/A,C,"Normal W&T, Heavy tear (Scratches on right side)",,,,FALSE,N/A,N/A,N/A,HUC
1,Docking Station,Dell,WD19S,CQHH0L3,N/A,N/A,N/A,C,"Normal W&T, Heavy tear (scratches, edge, corner damage)",,,,FALSE,N/A,N/A,N/A,HUC
1,Docking Station,Dell,WD19S,C8P69F3,N/A,N/A,N/A,C,"Normal W&T, Scratches (Top, Front, Back)",,,,FALSE,N/A,N/A,N/A,HUC
1,Docking Station,Dell,WD19S,3YKZS3,N/A,N/A,N/A,C,"Normal W&T, Marks (Top) Heavy tear (Edge damage)",,,,FALSE,N/A,N/A,N/A,HUC
1,Docking Station,Dell,WD19S,2J3B0G3,N/A,N/A,N/A,C,"Normal W&T, Heavy tear (scratches, edge damage)",,,,FALSE,N/A,N/A,N/A,HUC
1,Docking Station,Dell,WD19S,JTW2KP3,N/A,N/A,N/A,C,"Normal W&T, Scratches (Top)",,,,FALSE,N/A,N/A,N/A,HUC
1,Docking Station,Dell,WD22TB4,2HRMD44,N/A,N/A,N/A,C,"Normal W&T, Heavy tear (scratches, edge damage)",,,,FALSE,N/A,N/A,N/A,HUC
1,Laptop,Dell,Latitude 5450,545DB54,Ultra 5 135U,32 GB DDR5,256 GB NVMe,C,"Normal W&T, Drop Damage (Top Cover & Palmrest) D",,Yes,,FALSE,Swiss (Europe),100.00%,Above,August '25
1,Laptop,Dell,Latitude 5440,5GS79Y3,i7-1365U,16 GB DDR4,256 GB NVMe,C,"Normal W&T, Marks on Screen, Worn Key (A, E)",,Yes,,FALSE,English (Internation),94.00%,Above,August '25
1,Docking Station,Dell,WD19,FRNYN03,N/A,N/A,N/A,C,"Normal W&T, Heavy tear (Top)",,,,FALSE,N/A,N/A,N/A,HUC
1,Docking Station,Dell,WD19,6NNG883,N/A,N/A,N/A,D,"Normal W&T, Heavy tear (Top, Edge damage)",,,,FALSE,N/A,N/A,N/A,HUC
1,Docking Station,Dell,WD19S,3GP69F3,N/A,N/A,N/A,D,"Normal W&T, Heavy tear (Top)",,,,FALSE,N/A,N/A,N/A,HUC
1,Docking Station,Dell,WD22TB4,5JV2NR3,N/A,N/A,N/A,D,"Normal W&T, Heavy tear (Top)",,,,FALSE,N/A,N/A,N/A,HUC
1,Laptop,Lenovo,THINKPAD L15 G1,PF208VKP,RYZEN 5 PRO 4650U,8 GB,256 GB,C,"Normal W&T, Scratches (Top Cover), Slightly Worn Key Board, Removed defective CMOS Battery",,No,,FALSE,DK,76.00%,Below,AK7-IT
1,Laptop,Dell,Latitude 5440,4PM79Y3,i7-1265U,16 GB DDR4,256 GB,C,"Normal W&T, Heavy Tear (Top & Bottom Cover), Cracked Palmrest (R)",,Yes,,FALSE,Czech/Slovak,81.00%,Above,August '25
1,Laptop,Dell,Latitude 5420,F5KQ2M3,i7-1185G7,16 GB DDR4,256 GB NVMe,B,Normal W&T,,No,,FALSE,Nordic (MUI),100.00%,Above,September '25
1,Laptop,Dell,Latitude 5420,F4YYPN3,i7-1185G7,16 GB DDR4,256 GB NVMe,B,Normal W&T,,No,,FALSE,English (UK),86.00%,Above,September '25
1,Laptop,Dell,Latitude 5420,DVY13M3,i7-1185G7,16 GB DDR4,256 GB NVMe,B,Normal W&T,,No,,FALSE,English (UK),100.00%,Above,September '25
1,Laptop,Dell,Latitude 5420,1LJMMN3,i7-1185G7,16 GB DDR4,256 GB NVMe,B,Normal W&T,,No,,FALSE,Spanish,83.00%,Above,September '25
1,Laptop,Dell,Precision 5550,21V34F3,i7-10750H,64 GB DDR4,1024 GB NVMe,C,"Normal W&T, Heavy Tear (Top Cover)",,No,,FALSE,English UK,N/A,N/A,September '25
1,Laptop,Dell,Latitude 5400,JVG3633,i7-8665U,16 GB DDR4,256 GB NVMe,C,"Normal W&T, Heavy Tear (Top cover, palmrest) Worn power button. Whitespots on Screen, No Speakers",,No,,FALSE,DK,75.00%,Below,September '25
1,Laptop,Dell,Latitude 5400,11TH633,i7-8665U,16 GB DDR4,256 GB NVMe,B,Normal W&T,,Yes,GBT,FALSE,English (US),79.00%,Below,September '25
1,Docking Station,HP,USB-C Dock G5,5CG307SCS4,,,,B,Normal W&T,,,,FALSE,,,,El-Recycling
1,Docking Station,HP,USB-C Dock G5,5CG024Z6DC,,,,B,Normal W&T,,,,FALSE,,,,El-Recycling
1,Docking Station,HP,USB-C Dock G5,5CG306T2WG,,,,C,"Normal W&T, Heavy tear (Corner damage)",,,,FALSE,,,,El-Recycling
1,Laptop,Dell,Latitude 5400,1MCC633,i7-8665U,16 GB DDR4,256 GB NVMe,C,"Normal W&T, Cracked Cover(Top cover corner), Drive health 50%",,No,,FALSE,UK/Irish,65.00%,Below,September '25
1,Docking Station,HP,USB-C/A Universal Dock G2,5CG150V1KM,,,,C,"Normal W&T, Missing Part of Logo Insert(Top), Incl AC",,,,FALSE,,,,Zones EU Warehouse
1,Docking Station,HP,USB-C/A Universal Dock G2,5CG148WPHQ,,,,A,"OK, Incl AC",,,,FALSE,,,,Zones EU Warehouse
1,Docking Station,HP,USB-C/A Universal Dock G2,5CG148WGFM,,,,A,"OK, Incl AC",,,,FALSE,,,,Zones EU Warehouse
1,Laptop,HP,Elitebook 830 G6,5CG9427F9K,CORE I5-8365U 1.60 GHZ,16 GB DDR4,256 GB,B,Normal W&T,,,,FALSE,Danish,86.00%,Above,El-Recycling
1,Laptop,HP,Elitebook 845 G8,5CG2185P81,RYZEN 5 PRO 5650U,16 GB DDR4,256 GB,B,"Normal W&T, Small Marks On Screen",,,,FALSE,Danish,98.00%,Above,El-Recycling
1,Laptop,Lenovo,Thinkpad T14 Gen 1,PF2R7D6Q,RYZEN 3 PRO 4450U,16 GB DDR4,256 GB,B,Normal W&T,,,,FALSE,Danish,100.00%,Above,El-Recycling
1,Laptop,Lenovo,Thinkpad T14 Gen 2,PF3PH14D,RYZEN 3 PRO 5450U,16 GB DDR4,256 GB,B,Normal W&T,,,,FALSE,Danish,100.00%,Above,El-Recycling
1,Laptop,Lenovo,Thinkpad T14 Gen 2,PF3PHSXF,RYZEN 3 PRO 5450U,16 GB DDR4,256 GB,B,"Normal W&T, Sticker discolouring (Top)",,,,FALSE,Danish,100.00%,Above,El-Recycling
1,Laptop,Lenovo,Thinkpad T14s Gen 3,GM04NX99,12TH GEN CORE I5-1240P,16 GB LPDDR5,256 GB,B,"Normal W&T, Small Marks On Screen",,,,FALSE,Nordic,83.00%,Above,El-Recycling
1,Laptop,Lenovo,Thinkpad T16 Gen 2,PF4EEAQV,13TH GEN CORE I5-1335U,16 GB DDR5,256 GB,B,"Normal W&T, Small Marks On Screen",,,,FALSE,Nordic,88.00%,Above,El-Recycling
1,Laptop,Lenovo,Thinkpad T14 Gen 1,PF2R7L5C,RYZEN 3 PRO 4450U,16 GB DDR4,256 GB,C,"Heavy Tear (Top Cover, Bezel), Marks on Screen",,,,FALSE,Danish,80.00%,Above,El-Recycling
1,Laptop,Lenovo,Thinkpad T14 Gen 1,PF360NV5,RYZEN 3 PRO 4450U,16 GB DDR4,256 GB,C,"Normal W&T, Heavy Tear (Top), Small marks on Screen, Whitespots",,,,FALSE,Danish,89.00%,Above,El-Recycling
1,Laptop,Lenovo,Thinkpad T14 Gen 1,PF2R7XCY,RYZEN 3 PRO 4450U,16 GB DDR4,256 GB,C,"Normal W&T, Heavy tear (top), sticker discouluring (top)",,,,FALSE,Danish,100.00%,Above,El-Recycling
1,Laptop,Lenovo,Thinkpad T14 Gen 1,PF2R6ZDL,RYZEN 3 PRO 4450U,16 GB DDR4,256 GB,C,"Normal W&T, Heavy Tear, Sticker discolouring(Top)",,,,FALSE,Danish,100.00%,Above,El-Recycling
1,Laptop,Lenovo,Thinkpad T14 Gen 1,PF2R6ZEY,RYZEN 3 PRO 4450U,16 GB DDR4,256 GB,C,"Normal W&T, Heavy Tear, Sticker discolouring(Top)",,,,FALSE,Danish,100.00%,Above,El-Recycling
1,Laptop,Lenovo,Thinkpad T14 Gen 1,PF2SB0X1,RYZEN 3 PRO 4450U,16 GB DDR4,256 GB,C,"Normal W&T, Worn Trackpad.",,,,FALSE,Danish,84.00%,Above,El-Recycling
1,Laptop,Lenovo,Thinkpad T14s Gen 1,PF2A5FX4,CORE I5-10210U 1.60 GHZ,16 GB DDR4,256 GB,C,"Normal W&T, Heavy Tear (Top Cover, Palmrest) Worn Trackpad.",,,,FALSE,Nordic,79.00%,Below,El-Recycling
1,Laptop,Lenovo,Thinkpad T14s Gen 4,GM0E5QG6,I5-1345U,16 GB LPDDR5,256 GB,C,"Normal W&T, Heavy Tear (Top cover, Bottom cover) Marks on screen, Missing Rubber Foot",,,,FALSE,Nordic,100.00%,Above,El-Recycling
1,Laptop,Lenovo,Thinkpad T15 Gen 2,PF2WFVQC,11TH GEN CORE I5-1135G7,16 GB DDR4,256 GB,B,Normal W&T,,,,FALSE,Nordic,85.00%,Above,El-Recycling
1,Laptop,Lenovo,Thinkpad T495,PF21NHM6,RYZEN 5 PRO 3500U,8 GB DDR4,256 GB,C,"Normal W&T (top cover skin), Marks on Screen, Defective Keyboard (FN key)",,,,FALSE,Danish,86.00%,Above,El-Recycling
1,Laptop,Lenovo,Thinkpad P15s Gen 1,PF19FDRG,CORE I7-10510U,32 GB DDR4,256 GB,D,"Normal W&T, Heavy Tear (Bezel), Marks on Screen",,,,FALSE,Nordic,100.00%,Above,El-Recycling
1,Laptop,Lenovo,Thinkpad T14s Gen 1,PC1M6JSY,CORE I5-10210U 1.60 GHZ,16 GB DDR4,256 GB,D,"Normal W&T, Heavy Tear (Top Cover, Palm Rest), Marks on Screen",,,,FALSE,Nordic,77.00%,Below,El-Recycling
1,Laptop,Dell,Latitude 5430,F828FK3,i7-1255U,16 GB DDR4,256 GB NVMe,B,Normal W&T,,Yes,GBT,FALSE,French,87.00%,Above,September '25
1,Laptop,Dell,Latitude 5430,JZR5KR3,i7-1255U,16 GB DDR4,256 GB NVMe,B,Normal W&T,,Yes,GBT,FALSE,DK,100.00%,Above,September '25
1,Laptop,Dell,Latitude 5430,BF9J5X3,i7-1265U,16 GB DDR4,256 GB NVMe,B,Normal W&T,,Yes,GBT,FALSE,English (International),95.00%,Above,September '25
1,Laptop,Dell,Latitude 5430,DZQ1WV3,i7-1255U,16 GB DDR4,256 GB NVMe,B,Normal W&T,,Yes,GBT,FALSE,Czech/Slovak,100.00%,Above,September '25
1,Laptop,Dell,Latitude 5430,JH9J5X3,i7-1265U,16 GB DDR4,256 GB NVMe,B,Normal W&T,,Yes,GBT,FALSE,English (International),95.00%,Above,September '25
1,Laptop,Dell,Latitude 5430,FFBB5X3,i7-1265U,16 GB DDR4,256 GB NVMe,B,Normal W&T,,Yes,GBT,TRUE,French,100.00%,Above,September '25
1,Laptop,Dell,Latitude 3430,G7G4GS3,i5-1235U,16 GB DDR4,256 GB NVMe,C,"Normal W&T, Heavy Tear (Bezel & Bottom Cover), Cracked Top Cover & Palmrest, Marks on Screen, No CMOS Battery",,Yes,GBT,FALSE,English (UK),80.00%,Above,September '25
1,Laptop,Dell,Latitude 5440,1XC9D44,i7-1365U,16 GB DDR4,256 GB NVMe,C,"Normal W&T, Heavy Tear (Palmrest), Marks on Screen, Whitespots on Screen",,Yes,GBT,FALSE,English (International),82.00%,Above,September '25
1,Laptop,Dell,Latitude 5440,6N5RQV3,i7-1365U,16 GB DDR4,256 GB NVMe,C,"Normal W&T, Marks on Screen, Worn Keyboard, Worn Touchpad",,Yes,GBT,FALSE,English (US),78.00%,Below,September '25
1,Laptop,Dell,Latitude 5520,2GJ8KG3,i5-1145G7,16 GB DDR4,256 GB NVMe,C,"Normal W&T, Heavy Tear (Bezel, Top cover, Bottom cover, SD card port)",,,,FALSE,Nordic,47.00%,Below,Yggdrasil
1,Laptop,Dell,Latitude 5520,4SGXBL3,i5-1145G7,16 GB DDR4,256 GB NVMe,C,"Normal W&T, Heavy Tear (Top cover)",,,,FALSE,Nordic,66.00%,Below,Yggdrasil
1,Laptop,Dell,Latitude 5520,5RXVX93,i5-1135G7,16 GB DDR4,256 GB NVMe,C,"Normal W&T, Heavy tear (Top cover), 47% Battery",,,,FALSE,Nordic,65.00%,Below,Yggdrasil
1,Laptop,Dell,XPS 15 9510,8XWP8G3,i7-11800H,32 GB DDR4,1000 GB NVMe + 512 GB NVMe,C,"Normal W&T, Heavy tear (Top cover), ",,,,FALSE,Nordic,52.00%,Below,Yggdrasil
1,Dock,Lenovo,40AS,ZKW0SZLJ,,,,C,"Normal W&T, Heavy Tear (Top Surface)",,,,FALSE,,,,El-Recycling
1,Dock,Lenovo,40AS,ZKW0T6BD,,,,C,"Normal W&T, Heavy Tear (Bottom & Top Surface)",,,,FALSE,,,,El-Recycling
1,Dock,Lenovo,40AS,ZKW01VM1,,,,C,"Normal W&T, Heavy Tear (Top Surface)",,,,FALSE,,,,El-Recycling
1,Dock,Lenovo,40AS,ZKW01W45,,,,B,"Normal W&T, Heavy Tear (Top Surface)",,,,FALSE,,,,El-Recycling
1,Dock,Lenovo,40AS,ZKw01W9L,,,,C,"Normal W&T, Heavy Tear (Top Surface)",,,,FALSE,,,,El-Recycling
1,Dock,Lenovo,40AS,ZKW01VM0,,,,B,Normal W&T,,,,FALSE,,,,El-Recycling
1,Dock,HP,USB-C Dock G5,5CG129V8QQ,,,,B,Normal W&T,,,,FALSE,,,,El-Recycling
1,Dock,Lenovo,40AC,ZBK08CMZ,,,,B,Normal W&T,,,,FALSE,,,,El-Recycling
1,Dock,Lenovo,40AC,ZBK08CN0,,,,B,Normal W&T,,,,FALSE,,,,El-Recycling
1,Dock,Lenovo,40AC,ZBK08CQ8,,,,B,Normal W&T,,,,FALSE,,,,El-Recycling
1,Dock,Lenovo,40AC,ZBK08CSB,,,,B,Normal W&T,,,,FALSE,,,,El-Recycling
1,Dock,Lenovo,40AC,ZBK08CN6,,,,C,"Normal W&T, Heavy Tear (Top Surface)",,,,FALSE,,,,El-Recycling
1,Dock,Lenovo,40AC,ZB098CNF,,,,B,Normal W&T,,,,FALSE,,,,El-Recycling
1,Dock,Lenovo,40AC,ZBK08CPR,,,,B,Normal W&T,,,,FALSE,,,,El-Recycling
1,Dock,Lenovo,40AC,ZBK08CN1,,,,B,Normal W&T,,,,FALSE,,,,El-Recycling
1,Dock,Lenovo,40AC,ZBK08CPS,,,,B,Normal W&T,,,,FALSE,,,,El-Recycling
1,Dock,Lenovo,40AC,ZBK08CKZ,,,,C,"Normal W&T, Heavy Tear (Top Surface)",,,,FALSE,,,,El-Recycling
1,Dock,Lenovo,40AC,ZBK08CPL,,,,C,"Normal W&T, Heavy Tear (Top Surface)",,,,FALSE,,,,El-Recycling
1,Dock,Lenovo,40AC,ZBK08CQC,,,,B,Normal W&T,,,,FALSE,,,,El-Recycling
1,Dock,Lenovo,40AC,ZBK08CP1,,,,B,Normal W&T,,,,FALSE,,,,El-Recycling
1,Dock,Lenovo,40AC,ZBK08CS7,,,,B,Normal W&T,,,,FALSE,,,,El-Recycling
1,Laptop,Lenovo,ThinkPad P15s Gen 1,PF19LBC2,i7-10510U,32 GB DDR4,1024 GB NVMe,C,"Normal W&T, Small Marks on Screen, Heavy Tear (Top Cover)",,MAR,,TRUE,Nordic,75.00%,Below,August '25
1,Laptop,Dell,Latitude 5420,6JQ46J3,i7-1185G7,16 GB DDR4,256 GB NVMe,B,Normal W&T,,No,,FALSE,French,100.00%,Above,October '25
1,Laptop,Dell,Latitude 5420,38V94J3,i7-1185G7,16 GB DDR4,256 GB NVMe,B,Normal W&T,,Yes,GBT,FALSE,English UK,100.00%,Above,October '25
1,Laptop,Dell,Latitude 7410,DR5D2J3,i7-10610U,16 GB DDR4,256 GB NVMe,C,"Normal W&T, Marks on Screen, Worn Keys (A, Arrow Down)",,,,FALSE,English UK,53.00%,Below,Kosmos
1,Laptop,Dell,Precision 5560,G3GF4J3,i7-11850H,32 GB DDR4,1024 GB NVMe,B,Normal W&T (Bemærk; Laptop har Touchscreen),,,,FALSE,English (International),49.00%,Below,Kosmos
1,Laptop,Dell,Precision 5530,H3V87S2,i7-8850H,32 GB DDR4,1024 GB NVMe,C,"Normal W&T, White Spots",,,,FALSE,US (International),97.00%,Above,Kosmos
1,Laptop,Dell,Latitude 5410,8KJK063,i7-10610U,16 GB DDR4,256 GB NVMe,C,"Normal W&T, Heavy Tear (Top & Bottom Cover), Marks on Screen, Worn Power Button",,No,,FALSE,German,35.00%,Below,October '25
1,Laptop,Dell,Latitude 5410,2D2GP73,i7-10610U,16 GB DDR4,256 GB NVMe,C,"Normal W&T, Heavy Tear (Top Cover Edge)",,No,,FALSE,German,46.00%,Below,October '25
1,Laptop,Dell,Latitude 5400,8C6GQ13,i7-8665U,16 GB DDR4,256 GB NVMe,C,"Normal W&T, Whitespots on Screen",,No,,FALSE,UK/Irish,89.00%,Above,October '25
1,Laptop,Dell,Latitude 5400,HKY6633,i7-8665U,16 GB DDR4,256 GB NVMe,C,"Normal W&T, Worn Power Button, Whitespots on Screen",,No,,FALSE,Hungarian,69.00%,Below,October '25
1,Laptop,Dell,Latitude 5400,1404L33,i7-8665U,16 GB DDR4,256 GB NVMe,C,"Normal W&T, Heavy Tear (Top Cover), Marks on Screen",,No,,FALSE,English (International),72.00%,Below,October '25
1,Laptop,Dell,Latitude 5400,G33SL13,i7-8665U,16 GB DDR4,256 GB NVMe,C,"Normal W&T, Heavy Tear (Top Cover)",Replaced Fan,No,,FALSE,English (International),76.00%,Below,October '25
1,Laptop,Dell,Latitude 3430,4D2WGS3,i5-1235U,16 GB DDR4,256 GB NVMe,C,"Normal W&T, Heavy Tear (Top Cover), Marks on Screen",,Yes,GBT,FALSE,English UK,77.00%,Below,October '25
1,Laptop,Dell,Latitude 3430,1D2WGS3,i5-1235U,16 GB DDR4,256 GB NVMe,C,"Normal W&T, Heavy Tear (Top Cover), Marks on Screen",,Yes,GBT,FALSE,English UK,89.00%,Above,October '25
1,Laptop,Dell,Latitude 3430,BV00HS3,i5-1235U,16 GB DDR4,256 GB NVMe,B,Normal W&T,,Yes,GBT,FALSE,Swiss,76.00%,Below,October '25
1,Laptop,Dell,Latitude 5430,HT0GSQ3,i7-1265U,16 GB DDR4,256 GB NVMe,B,Normal W&T,,Yes,GBT,TRUE,Spanish (Castillian),100.00%,Above,October '25
1,Laptop,Dell,Latitude 5430,D4LH5X3,i7-1265U,16 GB DDR4,256 GB NVMe,B,"Normal W&T, HDD Health 52%",,Yes,GBT,FALSE,English (International),96.00%,Above,October '25
1,Laptop,Dell,Latitude 5430,B2J0WV3,i7-1255U,16 GB DDR4,256 GB NVMe,B,Normal W&T,,Yes,GBT,FALSE,German,80.00%,Above,October '25
1,Laptop,Dell,Latitude 5430,1NVBKR3,i7-1255U,16 GB DDR4,256 GB NVMe,C,"Normal W&T, Scratches (Top Cover)",,MAR,GBT,TRUE,Scandinavian (MUI),84.00%,Above,October '25
1,Laptop,Dell,Latitude 5430,914YSQ3,i7-1255U,16 GB DDR4,256 GB NVMe,B,Normal W&T,,Yes,GBT,FALSE,German,100.00%,Above,October '25
1,Laptop,Dell,Latitude 5430,67JZSQ3,i7-1255U,16 GB DDR4,256 GB NVMe,B,Normal W&T,,Yes,GBT,FALSE,German,98.00%,Above,October '25
1,Laptop,Dell,Latitude 5430,40QVSQ3,i7-1255U,16 GB DDR4,256 GB NVMe,B,Normal W&T,,Yes,GBT,FALSE,French,100.00%,Above,October '25
1,Laptop,Dell,Latitude 5430,JZ22WV3,i7-1255U,16 GB DDR4,256 GB NVMe,B,"Normal W&T, Small Marks On Screen",,MAR,GBT,TRUE,Scandinavian (MUI),100.00%,Above,October '25
1,Laptop,Lenovo,ThinkPad X1 Carbon 3rd,R90K2MG8,i5-5300U,8 GB DDR3,256 GB SSD,C,"Normal W&T, Whitespots on Screen, Marks on Screen, Worn Keyboard, Heavy Tear (Top/Bottom Cover), Missing rubber Feet",,,,FALSE,English (UK),36.00%,Below,October '25
1,Laptop,Dell,Precision 5680,2B0PDY3,i7-13800H,32 GB DDR5,512 GB NVMe,B,Normal W&T,,No,,FALSE,English (UK),63.00%,Below,October '25
1,Laptop,Apple,"Macbook Pro 16"" (A2780/2023)",PRXFNJ4J5W,Apple M2,32 GB DDR5,512GB NVMe,B,Normal W&T,,No,,FALSE,DK,98.00%,Above,October '25
1,Laptop,Apple,"Macbook Pro 16"" (A2141/2019)",C02ZP973MD6P,,,,B,Normal W&T,,Yes,GBT US LLC,FALSE,English (UK),,,October '25
1,Laptop,Lenovo,ThinkPad X1 Carbon 3rd,QDM6YFX4X9,,,,B,"Normal W&T, Small Scratches (Top cover)",,Yes,GBT US LLC,FALSE,French,,,October '25
1,Laptop,Dell,Latitude 5440,FS6DFY3,i7-1365U,16 GB DDR4,256 GB,B,Normal W&T,,Yes,GBT US LLC,TRUE,Belgian,1,Above,October '25
1,Laptop,Dell,Latitude 5440,7RZV824,i7-1365U,16 GB DDR4,256 GB,D,"N W&T, Heavy Tear (Top Cover, D), Cracked Bottom Cover & Palmrest (D), Marks on Screen (D)",,Yes,GBT US LLC,FALSE,English UK,78.00%,Below,October '25
1,Laptop,Dell,Latitude 5450,7BXPB54,Ultra 5 135U,32 GB DDR5,256 GB,D,"N W&T, Cracked Top Cover & Palmrest (D), Marks on Screen (D), Whitespots on Screen (D), Broke USB Port (D)",,Yes,GBT US LLC,FALSE,English UK,96.00%,Above,October '25
1,Desktop,Dell,OptiPlex 7090 Micro,2YK7YL3,i7-10700T,16 GB DDR4,256 GB NVMe,B,Normal W&T,,Yes,GBT,TRUE,,,,October '25
1,Laptop,Lenovo,ThinkPad T14s Gen 2i,PC288CHW,i5-1135G7,16 GB DDR4,256 GB NVMe,D,"Normal W&T, Defective Screen, Returna topcover skin",,MAR,,FALSE,,,,Refurbed 15184939 RMA
1,Laptop,Dell,Latitude 7490,9zhrtn2,i7-8650U,16 GB DDR4,512 GB SSD,D,"Small Marks on Screen, Heavy Tear(Top Cover), Scratches(by Charger port, USB-C Port), Defective USB-C port(Loose Connection), Faint Whitespot",,,,FALSE,Nordic,1,Above,Yggdrasil
1,Laptop,Dell,Latitude 3330,20bpll3,i5-1155G7,8 GB DDR4,256 GB NVMe,D,"Small Marks on Screen, Whitespots, Heavy Tear(Top Cover, Palmrest), Medium Tear(Bottom Cover), Broken Cover(by USB ports right)",,,,FALSE,Japanese/US,56.00%,Below,Yggdrasil
1,Laptop,Dell,Latitude 3330,40bpll3,i5-1155G7,8 GB DDR4,256 GB NVMe,D,"Heavy Tear(Top Cover), Small Marks on Screen, Marks on Screen, Faint Whitespots",,,,FALSE,Japanese/US,92.00%,Above,Yggdrasil
1,Laptop,Dell,Latitude 7480,1tr9vn2,i7-7600U,16 GB DDR4,512 GB SSD,D,"Nick kasse, Small Marks on Screen, Heavy Tear(Top Cover), Deep Scratch(on Mouse Button), Defective Keyboard(Some keys only work periodically)",,,,FALSE,Danish,31.00%,Below,Yggdrasil
1,Laptop,Dell,Latitude 3520,gs6gbs3,i3-1115G4,8 GB DDR4,256 GB NVMe,C,"Small Marks on Screen, Marks on Screen, Medium Tear(Top Cover)",,,,FALSE,Japanese/US,100.00%,Above,Yggdrasil
1,Laptop,Dell,Latitude 5440,7CB3SV3,i7-1365U,16 GB DDR4,256 GB,C,"Normal W&T, Heavy Tear (Top Cover)",,Yes,,FALSE,Swedish/Finnish,80.00%,Above,October '25
1,Laptop,Lenovo,ThinkPad P15s Gen 1,PF19MBJR,i7-10510U,32 GB DDR4,256 GB NVMe,C,"TouchScreen, Normal W&T, Medium Tear(Top Cov) Small Marks on Screen, Marks on Screen, Faint Whitespot, Quadro P520",Nedgraderet SSD,No,,FALSE,Nordic,99.00%,Above,GreenTech
1,Laptop,Lenovo,ThinkPad P15s Gen 2i,PF3JW2BW,i7-1185G7,32 GB DDR4,512 GB NVMe,C,"Normal W&T, Medium Tear(Top Cover, AC Port), Small Marks on Screen, Marks on Screen, Quadro T500 Mobile",,No,,FALSE,Nordic,77.00%,Below,GreenTech
1,Laptop,Lenovo,ThinkPad T14s Gen 3,PF42VN1V,i5-1240P,16 GB DDR5,256 GB NVMe,C,"Normal W&T, Heavy Tear(Top Cover), Small Marks on Screen, Marks on Screen, Iris Xe Graphics G7 80EUs",,Yes,,FALSE,Nordic,91.00%,Above,GreenTech
1,Laptop,Dell,Latitude 5420,84456J3,i7-1185G7,16 GB DDR4,256 GB,B,Normal W&T,,Yes,GBT,TRUE,German,100.00%,Above,November '25
1,Laptop,Dell,Latitude 5420,7J7NMN3,i7-1185G7,16 GB DDR4,256 GB,B,Normal W&T,,Yes,GBT,TRUE,Spanish,77.00%,Below,November '25
1,Laptop,Dell,Latitude 5420,86GK4J3,i7-1185G7,16 GB DDR4,256 GB,B,Normal W&T,,Yes,GBT,TRUE,English UK,93.00%,Above,November '25
1,Laptop,Dell,Latitude 5420,2NJMMN3,i7-1185G7,16 GB DDR4,256 GB,B,Normal W&T,,Yes,GBT,TRUE,Spanish,83.00%,Above,November '25
1,Laptop,Dell,Latitude 5420,DZ1K4J3,i7-1185G7,32 GB DDR4,256 GB,B,"Nick kasse, Small Marks on Screen, Heavy Tear(Top Cover), Deep Scratch(on Mouse Button), Defective Keyboard(Some keys only work periodically). RAM og SSD fjernet",,Yes,GBT,TRUE,German,100.00%,Above,November '25
1,Laptop,Dell,Latitude 5420,BKCQ2M3,i7-1185G7,16 GB DDR4,256 GB,B,Normal W&T,,Yes,GBT,TRUE,Nordic,74.00%,Below,November '25
1,Laptop,Dell,Precision 5550,C1SS4D3,i7-10750H,16 GB DDR4,512 GB,C,"Normal W&T, Defective Keyboard (Liqiud Damage), Small Marks on Screen",,Yes,GBT,FALSE,,37.00%,Below,November '25
1,Laptop,Dell,Latitude 5400,1SK7633,i7-8665U,16 GB DDR4,256 GB,B,"Normal W&T, HDD Health 31%",,No,,TRUE,Swedish/Finnish,69.00%,Below,November '25
1,Laptop,Dell,Latitude 5400,7DZ5633,i7-8665U,16 GB DDR4,256 GB,B,Normal W&T,,No,,TRUE,English (International),78.00%,Below,November '25
1,Laptop,Dell,Latitude 5400,CPM4YY2,i5-8365U,16 GB DDR4,256 GB,C,"Normal W&T, Faint Whitespots on Screen, Fryser i Windows",,MAR,,FALSE,English UK/Irish,76.00%,Below,November '25
1,Laptop,Dell,Latitude 5410,G1XW493,i7-10610U,16 GB DDR4,256 GB,C,"N W&T, Heavy Tear (Palmrest, Top & Bottom Cover), Defective USB Port, Worn Keys & Power Button",,No,,FALSE,Spanish (Castillian),43.00%,Below,November '25
1,Laptop,Dell,Latitude 5410,H1S0043,i7-10610U,16 GB DDR4,256 GB,C,"Normal W&T, Heavy tear (Top Cover), Whitespots on Screen",,No,,FALSE,French,52.00%,Below,November '25
1,Laptop,Dell,Latitude 5410,BZN0043,i7-10610U,16 GB DDR4,256 GB,C,"Normal W&T, Heavy Tear (Bottom Cover), Marks on Screen",,No,,FALSE,French,21.00%,Below,November '25
1,Laptop,Lenovo,ThinkPad P15 Gen 1,PF1BTZVL,i7-10750H,32 GB DDR4,512 GB NVMe,C,"Normal W&T,Marks on Screen, Worn Power Button",,,,FALSE,Nordic,100.00%,Above,El-Recycling
1,Laptop,Lenovo,ThinkPad P16 Gen 2,PF4HNTBG,i7-13700HX,96 GB DDR5,1024 GB NVMe,C,"Normal W&T, Heavy Tear (Top Cover), Dents (Top Cover), Small Marks on Screen",,,,FALSE,Nordic,56.00%,Below,El-Recycling
1,Laptop,Lenovo,ThinkPad P16s Gen 1,PF3VARVH,i7-1260P,32 GB DDR4,512 GB NVMe,C,"Normal W&T, Marks on Screen",,,,FALSE,English (US) Reprint,,,El-Recycling
1,Laptop,Lenovo,ThinkPad P16s Gen 1,PF49B6J1,i7-1260P,32 GB DDR4,1024 GB NVMe,C,"Normal W&T, Small Marks on Screen, Heavy Tear(Top Cover)",,,,FALSE,English (US) Reprint,86.00%,Above,El-Recycling
1,Laptop,Lenovo,ThinkPad P16s Gen 1,PF49067Q,i7-1260P,32 GB DDR4,1024 GB NVMe,C,"Normal W&T, Whitespots on Screen",,,,FALSE,English (US) Reprint,0.9,Above,El-Recycling
1,Laptop,Lenovo,ThinkPad P16s Gen 2,PF3SVNWD,i7-1360P,32 GB DDR5,1024 GB NVMe,C,"Normal W&T, Broken Palmrest(Right Side),",,,,FALSE,English (US) Reprint,84.00%,Above,El-Recycling
1,Laptop,Lenovo,ThinkPad P16s Gen 2,PF3SWDLR,i7-1360P,32 GB DDR5,512 GB NVMe,B,"Normal W&T, Small Marks on Screen, Changed Keyboard",,,,FALSE,English (US),100.00%,Above,El-Recycling
1,Laptop,Lenovo,ThinkPad P16s Gen 2,PF525FCP,i7-1370P,32 GB DDR5,512 GB NVMe,B,"Normal W&T, Small Marks on Screen",,,,FALSE,English (US),100.00%,Above,El-Recycling
1,Laptop,Lenovo,ThinkPad T14s Gen 1,PC1P6DN0,i5-10210U,16 GB DDR4,256 GB NVMe,C,"Normal W&T, Medium Tear (Top Cover), Defective Right USB Port",,,,FALSE,Nordic,77.00%,Below,El-Recycling
1,Laptop,Lenovo,ThinkPad T14s Gen 1,PC1P6DN5,i5-10210U,16 GB DDR4,256 GB NVMe,C,"Normal W&T, Medium Tear  (Top Cover), Broken Bezel Hinges",,,,FALSE,Nordic,99.00%,Above,El-Recycling
1,Laptop,Lenovo,ThinkPad T14s Gen 3,GM04NYK4,i5-1240P,16 GB DDR5,256 GB NVMe,C,"Normal W&T, Heavy Tear(Top Cover), Broken Screen, Mark on Screen",,,,FALSE,Nordic,86.00%,Above,El-Recycling
1,Laptop,Lenovo,ThinkPad T14s Gen 3,PF46KNVM,i5-1240P,16 GB DDR5,256 GB NVMe,C,"Normal W&T, Small Marks on Screen, Large Mis/Colouration on Screen",,,,FALSE,Nordic,26.00%,Below,El-Recycling
1,Laptop,Lenovo,ThinkPad T15 Gen 1,PF2KGHQB,i5-10210U,16 GB DDR4,256 GB NVMe,C,"Normal W&T, Small Marks on Screen, Medium Tear(Top), Faint WS (Right)",,,,FALSE,Nordic,91.00%,Above,El-Recycling
1,Laptop,Lenovo,ThinkPad T16 Gen 2,PF4ZQTFV,i5-1345U,16 GB DDR5,256 GB NVMe,C,"Normal W&T, Small Marks on Screen, Heavy Tear(Top Cover)",,,,FALSE,Nordic,100.00%,Above,El-Recycling
1,Laptop,Lenovo,ThinkPad T16 Gen 2,PF4HT976,i5-1335U,16 GB DDR5,256 GB NVMe,C,"Normal W&T, Small Marks on Screen, Marks on Screen",,,,FALSE,English (US),88.00%,Above,El-Recycling
1,Laptop,Lenovo,ThinkPad T490s,PC1ATM05,i7-8565U,16 GB DDR4,256 GB NVMe,D,"Normal W&T, Heavy Tear (Top Cover & Palmrest), Worn Touchpad, Whitespots on Screen, Marks on Screen, Anti Theft Sticker",,,,FALSE,Nordic,100.00%,Above,El-Recycling
1,Laptop,Apple,"Macbook Pro 16"" (A2141/2019)",C02C80CZMD6W,i9-9880H,16 GB DDR4,1024 GB,C,"Normal W&T, Marks on Screen",,No,,FALSE,Swedish,79.00%,Below,November '25
1,Desktop,Lenovo,Thinkcentre M73 Micro,PC05XZF9,i5-4590T,16 GB DDR3,500 GB,B,"Normal W&T, Cannot install win 11 (Lock status not possible)",,,,FALSE,,,,November '25
1,Desktop,Dell,OptiPlex Micro Plus 7010,9XTCYY3,i7-13700,16 GB DDR5,256 GB NVMe,B,Normal W&T,,No,,TRUE,,,,November '25
1,Laptop,Dell,Latitude 3430,2QWVGS3,i5-1235U,16 GB DDR4,256 GB,B,Normal W&T,,No,,TRUE,English UK,0.84,Above,November '25
1,Laptop,Dell,Latitude 5430,96MSHR3,i7-1255U,16 GB DDR4,256 GB,C,"Normal W&T, Heavy Tear (Top Cover (R)), HDD Health 9% (R)",,No,,FALSE,German,0.87,Above,November '25
1,Laptop,Dell,Latitude 5430,J5XTRQ3,i7-1255U,16 GB DDR4,256 GB,B,"Normal W&T, Small Scrarchest (Top Cover)",,No,,TRUE,French (Europe),92.00%,Above,November '25
1,Laptop,Dell,Latitude 5430,27JVSQ3,i7-1255U,16 GB DDR4,256 GB,C,"Normal W&T, Heavy Tear (Top & Bottom Cover (D)), Whitespots on Screen (D)",,Yes,GBT,FALSE,French (Europe),74.00%,Below,November '25
1,Laptop,Dell,Latitude 5430,7M3MTQ3,i7-1265U,16 GB DDR4,256 GB,B,Normal W&T,,Yes,GBT,TRUE,French (Europe),100.00%,Above,November '25
1,Laptop,Dell,Latitude 5430,5X0RVV3,i7-1255U,16 GB DDR4,256 GB,C,"Normal W&T, Scratches (Top Cover)",,Yes,GBT,TRUE,French (Europe),72.00%,Below,November '25
1,Laptop,Dell,Latitude 5430,3Y1WSQ3,i7-1255U,16 GB DDR4,256 GB,C,"Normal W&T, Scratches (Bottom Cover)",,Yes,GBT,TRUE,French (Europe),79.00%,Below,November '25
1,Laptop,Dell,Latitude 5430,7TT75X3,i7-1265U,16 GB DDR4,256 GB,B,Normal W&T,,Yes,GBT,TRUE,French (Europe),87.00%,Above,November '25
1,Laptop,Dell,Latitude 5430,H4NTKR3,i7-1255U,16 GB DDR4,256 GB,B,Normal W&T,,Yes,GBT,TRUE,Scandinavian (MUI),100.00%,Above,November '25
1,Laptop,Dell,Latitude 5430,4L5H5X3,i7-1265U,16 GB DDR4,256 GB,B,Normal W&T,,Yes,GBT,TRUE,French (Europe),100.00%,Above,November '25
1,Laptop,Dell,Latitude 5440,DYD0544,i7-1365U,16 GB DDR4,256 GB,D,"Normal W&T, Heavy Tear (Top Cover, (D)), Defective Screen (Water Damage, (D))",,Yes,GBT,FALSE,English UK,96.00%,Above,November '25
1,Laptop,Dell,Latitude 5430,7Y4QHR3,i7-1265U,16 GB DDR4,256 GB,B,"Normal W&T, Small Marks on Screen",Ny Skærm,Yes,GBT,FALSE,Nordic (MUI),100.00%,Above,November '25
1,Laptop,Dell,Latitude 5430,BZ1WSQ3,i7-1255U,16 GB DDR4,256 GB,C,"Normal W&T, Whitespots on Screen (R)",,Yes,GBT,FALSE,French (Europe),100.00%,Above,November '25
1,Laptop,Dell,Latitude 5430,JQ0YKR3,i7-1265U,16 GB DDR4,256 GB,C,"Normal W&T, Scratches (Top Cover)",Nye RAM 16GB,Yes,GBT,TRUE,Swiss (Europe),87.00%,Above,November '25
1,Laptop,Dell,Latitude 5430,8B185X3,i7-1265U,16 GB DDR4,256 GB,D,"Normal W&T, Heavy Tear (Top Cover (D)), Broken Screen (D)",,Yes,GBT,FALSE,English International,75.00%,Below,November '25
1,Laptop,Apple,"Macbook Pro 13 (A2338, 2022)",L34J0F4NYQ,M2,16 GB DDR5,512 GB,C,"Normal W&T, Marks on Screen, Locked: GBT US LLC",,Yes,GBT US LLC,,,86.00%,Above,December '25
1,Laptop,Apple,"Macbook Pro 13"" (A1989/2019)",C02ZL23CLVDL,i7-8569U,16 GB DDR3,512 GB,C,"Normal W&T, Marks on Screen",,No,,,,82.00%,Above,December '25
1,Laptop,Apple,"Macbook Pro 15 (A1707, 2016)",C02VD121HTDD,i7-7700HQ,16 GB DDR3,1024 GB,B,"Normal W&T, Small Marks on Screen",,No,,TRUE,English UK,81.00%,Above,December '25
 ,Laptop,Apple,"Macbook Pro 16"" (A2485/2021)",MDP46G69VV,M1 Pro,16 GB DDR5,1024 GB,C,"Normal W&T, Marks on Screen",,No,,TRUE,Danish,79.00%,Below,December '25
1,Laptop,Dell,Latitude 5400,3R7H3Z2,i5-8365U,8 GB DDR4,256 GB,C,"Normal W&T, Heavy Tear (Top Cover), Whitespots on Screen, Missing Rubber Feet",,,,FALSE,Czech/Slovakian,41.00%,Below,December '25
1,Laptop,Dell,Latitude 5430,1VT75X3,i7-1265U,16 GB DDR4,256 GB NVMe,B,Normal W&T,,MAR,,TRUE,French (Europe),93.00%,Above,December '25
1,Laptop,Dell,Latitude 5430,GPRH5X3,i7-1265U,16 GB DDR4,256 GB NVMe,B,"Normal W&T,",,MAR,,TRUE,English International,97.00%,Above,December '25
1,Laptop,Dell,Latitude 5430,9NP0WV3,i7-1255U,16 GB DDR4,256 GB,D,"Normal W&T, Will not Power on (W)",,,,FALSE,French (Europe),N/A,N/A,December '25
1,Laptop,Dell,Latitude 5430,CR15KR3,i7-1255U,16 GB DDR4,256 GB,C,"Normal W&T, Heavy Tear (Top Cover, (R))",,Yes,GBT,TRUE,Danish,0.8,Above,December '25
1,Laptop,Dell,Latitude 5430,85CH5X3,i7-1265U,16 GB DDR4,256 GB,C,"Normal W&T, Drop Damage (Top Cover (R))",,Yes,GBT,FALSE,Spanish Castillian,0.71,Below,December '25
1,Laptop,Dell,Latitude 5430,G3R8FK3,i7-1265U,16 GB DDR4,256 GB,C,"Normal W&T, Heavy tear (Top Cover Edge(R))",,Yes,GBT,TRUE,Swiss (Europe),74.00%,Below,December '25
1,Laptop,Dell,Latitude 5430,3Y5GJR3,i7-1265U,16 GB DDR4,256 GB,B,Normal W&T,,Yes,GBT,TRUE,English UK,99.00%,Above,December '25
1,Laptop,Dell,Latitude 5430,9QT2WV3,i7-1255U,16 GB DDR4,256 GB,B,Normal W&T,,Yes,GBT,FALSE,Danish,100.00%,Above,December '25
1,Laptop,Dell,Latitude 5430,CV0RVV3,i7-1255U,16 GB DDR4,256 GB,C,"Normal W&T, Heavy Tear (Top & Bottom Cover (R))",,Yes,GBT,FALSE,French (Europe),66.00%,Below,December '25
1,Laptop,Dell,Latitude 5430,4MSZVV3,i7-1255U,16 GB DDR4,256 GB,C,"Normal W&T, Whitespots on Screen (W)",,Yes,GBT,FALSE,French (Europe),87.00%,Above,December '25
1,Laptop,Dell,Latitude 5430,D0YHJR3,i7-1255U,16 GB DDR4,256 GB,C,"Normal W&T, Heavy Tear (Top Cover, (R))",,Yes,GBT,TRUE,German,92.00%,Above,December '25
1,Laptop,Dell,Latitude 5430,3XTFJR3,i7-1265U,16 GB DDR4,256 GB,C,"Normal W&T, Heavy Tear (Top Cover, (R))",,Yes,GBT,TRUE,English UK,96.00%,Above,December '25
1,Laptop,Dell,Latitude 5430,93J0WV3,i7-1255U,16 GB DDR4,256 GB,C,"Normal W&T, Heavy Tear (Top Cover, (R)), Small Marks on Screen",,Yes,GBT,FALSE,German,85.00%,Above,December '25
1,Laptop,Dell,Latitude 5430,377MSQ3,i7-1265U,16 GB DDR4,256 GB,D,"Normal W&T, Heavy Tear (Top Cover & Bottom Cover, (D)),  Broken Screen (D), Worn Key (Ctrl, (D))",,Yes,GBT,FALSE,English UK,74.00%,Below,December '25
1,Laptop,Dell,Latitude 5430,J971WV3,i7-1255U,16 GB DDR4,256 GB,C,"Normal W&T, Heavy Tear (Top & Bottom Cover(R)), Marks on Screen (R)",,Yes,GBT,FALSE,German,96.00%,Above,December '25
1,Laptop,Dell,Latitude 5430,49J0WV3,i7-1255U,16 GB DDR4,256 GB,C,"Normal W&T, Heavy Tear (Top Cover Edge & Palmrest, (R))",,Yes,GBT,FALSE,German,100.00%,Above,December '25
1,Laptop,Dell,Latitude 5430,H7KGSQ3,i7-1255U,16 GB DDR4,256 GB,B,Normal W&T,,MAR,,TRUE,Scandinavian (MUI),83.00%,Above,December '25
1,Laptop,Dell,Latitude 5430,GC7MSQ3,i7-1265U,16 GB DDR4,256 GB,C,"Normal W&T, Heavy Tear (Top cover & Palmrest(D)), Broken Bezel (D), Cracked Bottom Cover (D)",,Yes,GBT,FALSE,English UK,60.00%,Below,December '25
1,Laptop,Dell,Latitude 5430,9HCGJR3,i7-1265U,16 GB DDR4,256 GB,C,"Normal W&T, Defective Fan (R)",,Yes,GBT,FALSE,English UK,55.00%,Below,December '25
1,Laptop,Dell,Latitude 5430,8QB0WV3,i7-1255U,16 GB DDR4,256 GB,C,"Normal W&T, Heavy Tear (Top Cover, (R))",,Yes,GBT,FALSE,German,100.00%,Above,December '25
1,Laptop,Dell,Latitude 5430,1KY1SQ3,i7-1265U,16 GB DDR4,256 GB,C,"Normal W&T, Whitespots on Screen (W), HDD Health 27% (R)",,Yes,GBT,FALSE,Spanish Castillian,56.00%,Below,December '25
1,Laptop,Dell,Latitude 5430,2H3SKR3,i7-1265U,16 GB DDR4,256 GB,D,"N W&T, Heavy Tear (Top & Bottom Cover (D)), Marks on Screen (D), Defective Keyboard (Unresponsive Key, (D))",,Yes,GBT,FALSE,English UK,75.00%,Below,December '25
1,Laptop,Dell,Latitude 5430,74T7JR3,i7-1255U,16 GB DDR4,256 GB,B,Normal W&T,,MAR,,TRUE,German,100.00%,Above,December '25
1,Laptop,Dell,Latitude 5430,4Q80TQ3,i7-1265U,16 GB DDR4,256 GB,C,"Normal W&T, Defective Camera (W)",,No,,FALSE,Spanish Castillian,70.00%,Below,December '25
1,Laptop,Dell,Latitude 5430,2CRMST3,i7-1265U,16 GB DDR4,256 GB,B,Normal W&T,,MAR,,TRUE,Spanish (Castillian),100.00%,Above,December '25
1,Laptop,Dell,Latitude 5430,CF7MSQ3,i7-1265U,16 GB DDR4,256 GB,C,"Normal W&T, Worn Keys (E,A,S,D,C,N,M)",,Yes,GBT,FALSE,English UK,65.00%,Below,December '25
1,Laptop,Dell,Latitude 5430,4FJYSQ3,i7-1255U,16 GB DDR4,256 GB,C,"Normal W&T, Whitespots on Screen (W), HDD Health 47% (R)",,No,,FALSE,German,73.00%,Below,December '25
1,Laptop,Dell,Latitude 5430,7SGSKR3,i7-1265U,16 GB DDR4,256 GB,C,"Normal W&T, Heavy Tear (Top Cover & Palmrest(R)), Cracked Top Cover (R)",,Yes,GBT,FALSE,Nordic (MUI),72.00%,Below,December '25
1,Laptop,Dell,Latitude 5430,7F7JSQ3,i7-1265U,16 GB DDR4,256 GB,C,"Normal W&T, Heavy Tear (Top & Bottom Cover(D)), Marks on Screen (D), Worn Mousepad (D)",,Yes,GBT,FALSE,English US,70.00%,Below,December '25
1,Laptop,Dell,Latitude 5430,4JP1TQ3,i7-1265U,16 GB DDR4,256 GB,C,"Normal W&T, Heavy Tear (Palmrest Top & Bottom Cover (R)), Marks on Screen (R)",,Yes,GBT,FALSE,Spanish Castillian,61.00%,Below,December '25
1,Laptop,Dell,Latitude 5430,5G71WV3,i7-1255U,16 GB DDR4,256 GB,C,"Normal W&T, Heavy Tear (Top Cover,(R), Worn Key (N,M,K,L, (R)), Whitespots on Screen",,Yes,GBT,FALSE,Scandinavian (MUI),77.00%,Below,December '25
1,Laptop,Dell,Latitude 5430,DTX1TQ3,i7-1255U,16 GB DDR4,256 GB,B,"Normal W&T, Small Marks on Screen",,MAR,,TRUE,German,100.00%,Above,December '25
1,Laptop,HP,HP mt46 Mobile Thin Client,5CG2330WMT,Ryzen 3 PRO 4450U,8 GB DDR4,128 GB,C,"Normal W&T, Defective CMOS Battery, Small Marks on Screen",,No,,FALSE,French,97.00%,Above,December '25
1,Laptop,Dell,Latitude 3420,F3X8HS3,i5-1145G7,16 GB DDR4,256 GB,C,"Normal W&T, Heavy tear (Top Cover, (R))",,Yes,GBT,FALSE,Scandinavian (MUI),92.00%,Above,December '25
1,Laptop,Dell,Latitude 3420,CPWRGS3,i5-1145G7,16 GB DDR4,256 GB,C,"Normal W&T, Marks on Screen (R)",,Yes,GBT,FALSE,Belgian,79.00%,Below,December '25
1,Laptop,Dell,Latitude 3420,56VRGS3,i5-1145G7,16 GB DDR4,256 GB,D,"Normal W&T, Defective Screen (Flickers, (R))",,Yes,GBT,FALSE,English International,80.00%,Above,December '25
1,Laptop,Dell,Latitude 3420,JSYBHS3,i5-1145G7,16 GB DDR4,256 GB,C,"Normal W&T, Whitespots on Screen (R)",,,,FALSE,French (Europe),74.00%,Below,December '25
1,Laptop,Dell,Latitude 3420,J92WGS3,i5-1145G7,16 GB DDR4,256 GB,C,"Normal W&T, Heavy Tear (Top Cover (R)), Whitespots on Screen (W), Small Marks on Screen",,Yes,GBT,FALSE,Scandinavian (MUI),83.00%,Above,December '25
1,Laptop,Dell,Latitude 3430,C41YGS3,i5-1235U,16 GB DDR4,256 GB,C,"N W&T, Heavy tear (Top & Bottom Cover (D)), Marks on Screen (D), 1 Defective USB Port (D), 1 Broken USB Port (D)",,Yes,GBT,FALSE,Nordic (MUI),59.00%,Below,December '25
1,Laptop,Dell,Latitude 3430,FF2WGS3,i5-1235U,16 GB DDR4,256 GB,B,Normal W&T,,Yes,GBT,TRUE,English UK,88.00%,Above,December '25
1,Laptop,Dell,Latitude 3430,J7G4GS3,i5-1235U,16 GB DDR4,256 GB,C,"Normal W&T, Cracked Top Cover & Palmrest (D), Whitespots on Screen (D)",,Yes,GBT,FALSE,English UK,84.00%,Above,December '25
1,Laptop,Dell,Latitude 5400,J066633,i7-8665U,16 GB DDR4,256 GB,B,Normal W&T,,No,,TRUE,English (International),74.00%,Below,December '25
1,Laptop,Dell,Latitude 5410,JGTLZ53,i7-10610U,16 GB DDR4,256 GB,C,"Whitespots on Screen, Defective Keyboard (Unresponsive Keys)",,No,,FALSE,German,88.00%,Above,December '25
1,Laptop,Dell,Latitude 5410,9JSL593,i7-10610U,16 GB DDR4,256 GB,B,Normal W&T,,No,,TRUE,French (Europe),82.00%,Above,December '25
1,Laptop,Dell,Latitude 5410,CC0MZ53,i7-10610U,16 GB DDR4,256 GB,C,"Normal W&T, Defective Keyboard (Unresponsive Keys)",,No,,FALSE,German,83.00%,Above,December '25
1,Laptop,Dell,Latitude 5410,J2B1GB3,i7-10610U,16 GB DDR4,256 GB,C,"Normal W&T, Heavy Tear (Top & Bottom Cover), Marks on Screen, Broken USB Port",,No,,FALSE,German,56.00%,Below,December '25
1,Laptop,Dell,Latitude 5410,590MZ53,i7-10610U,16 GB DDR4,256 GB,C,"Normal W&T, Heavy Tear (Top Cover)",,No,,FALSE,German,56.00%,Below,December '25
1,Laptop,Dell,Latitude 5410,2QY0GB3,i7-10610U,16 GB DDR4,256 GB,C,"Normal W&T, Heavy Tear (Top & Bottom Cover), Marks on Screen, Worn Left Click Button",,No,,FALSE,German,22.00%,Below,December '25
1,Laptop,Dell,Latitude 5420,8HX21F3,i7-1185G7,16 GB DDR4,256 GB,C,"Normal W&T, Heavy Tear (Top Cover)",,No,,FALSE,German,70.00%,Below,December '25
1,Laptop,Dell,Latitude 5420,8YZM3D3,i7-1185G7,16 GB DDR4,256 GB,C,"Normal W&T, Heavy Tear (Top Cover)",,No,,FALSE,Norwegian,53.00%,Below,December '25
1,Laptop,Dell,Latitude 5420,35556J3,i7-1185G7,16 GB DDR4,256 GB,C,"Normal W&T, Heavy Tear (Top Cover), Marks on Screen",,Yes,GBT,FALSE,English UK,100.00%,Above,December '25
1,Laptop,Dell,Latitude 5420,7L9ZPN3,i7-1185G7,16 GB DDR4,256 GB,C,"Normal W&T, Heavy Tear (Top & Bottom Cover)",,Yes,GBT,FALSE,English UK,49.00%,Below,December '25
1,Laptop,Dell,Latitude 5420,2NZMJQ3,i7-1185G7,16 GB DDR4,256 GB,B,Normal W&T,,Yes,GBT,TRUE,German,87.00%,Above,December '25
1,Laptop,Dell,Latitude 5420,1MVBQN3,i7-1185G7,16 GB DDR4,256 GB,B,Normal W&T,,Yes,GBT,TRUE,Spanish Castillian,76.00%,Below,December '25
1,Laptop,Dell,Latitude 5420,2M5R4D3,i7-1185G7,16 GB DDR4,256 GB,C,"Normal W&T, Defective Keyboard (Unresponsive Keys)",,No,,FALSE,German,51.00%,Below,December '25
1,Laptop,Dell,Latitude 5420,DWBMJQ3,i7-1185G7,16 GB DDR4,256 GB,B,Normal W&T,,Yes,GBT,TRUE,German,87.00%,Above,December '25
1,Laptop,HP,EliteBook 745,5CG6052HFW,A6 PRO-7050B R4,4 GB DDR3,16 GB,C,"Normal W&T Defect CMOS Battery, Supporter ikke windows 11",,,,FALSE,English UK,100.00%,Above,December '25
1,Laptop,Lenovo,Thinkpad T440s,PF00F7D4,i5-4300U,8 GB DDR3,128 GB,C,"Normal W&T, Defective keyboard (Multible keys loose), Supporter ikke windows 11",,,,FALSE,French (Europe),79.00%,Below,December '25
1,Desktop,Dell,Optiplex 7010 Micro Plus,2FNDNZ3,i5-13600,32 GB DDR5,256 GB,B,Normal W&T,,Yes,GBT,FALSE,,,,December '25
1,Desktop,Dell,OptiPlex Micro Plus 7010,D7JDWY3,i7-13700,16 GB DDR5,256 GB,B,Normal W&T,,Yes,GBT,FALSE,,,,December '25
1,Desktop,Dell,Optiplex 7070 Micro,80X7833,i7-9700T,16 GB DDR4,256 GB,C,"Normal W&T, Heavy tear (Top Cover)",,No,,TRUE,,,,December '25
1,Desktop,Dell,Optiplex 7070 Ultra,JRWM833,i7-8665U,16 GB DDR4,256 GB,B,Normal W&T,,No,,FALSE,,,,December '25
1,Desktop,Dell,Optiplex 7070 Ultra,6M5B833,i7-8665U,16 GB DDR4,256 GB,B,Normal W&T,,No,,FALSE,,,,December '25
1,Desktop,Dell,Optiplex 7070 Ultra,BT2WK93,i7-8665U,16 GB DDR4,256 GB,B,Normal W&T,,No,,FALSE,,,,December '25
1,Desktop,Lenovo,ThinkCentre M700 Micro,S4BG7222,i5-6500T,16 GB DDR4,128 GB,B,Normal W&T,,No,,FALSE,,,,December '25
1,Desktop,Lenovo,Thinkcentre M700 Micro,S4AH8783,i5-6500T,16 GB DDR4,128 GB,B,Normal W&T,,No,,FALSE,,,,December '25
1,Desktop,Lenovo,Thinkcentre M73 Micro,PC05XZMG,i5-4590T,4 GB DDR3,512 GB,B,"Normal W&T, Supporter ikke windows 11",,,,FALSE,,,,December '25
1,Desktop,Lenovo,Thinkcentre M73 Micro,S4S41343,i5-4590T,4 GB DDR3,512 GB,C,"Normal W&T, Heavy Tear (Top Cover), Supporter ikke windows 11",,,,FALSE,,,,December '25
1,Desktop,Lenovo,Thinkcentre M73 Micro,S4U32855,i5-4590T,4 GB DDR3,512 GB,B,"Normal W&T, Supporter ikke windows 11",,,,FALSE,,,,December '25
1,Smartphone,Apple,iPhone 8,FFQXR29DJC67,,,64 GB,D,"Normal W&T, Marks on Screen, Cracked Back Cover",,,,FALSE,,0.89,Above,DanOffice
1,Smartphone,Apple,iPhone SE (2nd generation),F17DMCXTPLK2,,,128 GB,C,"Normal W&T, Marks on Screen",,,,TRUE,,0.86,Above,DanOffice
1,Smartphone,Apple,iPhone SE (2nd generation),FFXCW39QPLK2,,,128 GB,C,"Normal W&T, Marks on Screen, DEP Locked",,,,FALSE,,79.00%,Below,DanOffice
1,Smartphone,Samsung,Galaxy A20e,R58MC37PAHV,,,16 GB,C,"Normal W&T, Marks on Screen",,,,TRUE,,,,DanOffice
1,Smartphone,Samsung,Galaxy A20e,R58MC37PJRA,,,16 GB,B,"Normal W&T, Heavy Tear (Back Cover)",,,,TRUE,,,,DanOffice
1,Smartphone,Apple,iPhone 11,FFWL1EG7N736,,,64 GB,C,"Normal W&T, Sim Tray Missing",,,,FALSE,,0.96,Above,DanOffice
1,Smartphone,Apple,iPhone 12 mini,C76DTPNY0GPP,,,64 GB,D,"Normal W&T, Marks on Screen, Cracked Back Cover",,,,FALSE,,0.84,Above,DanOffice
1,Smartphone,Apple,iPhone 7,DNVSKJ32HG7F,,,32 GB,D,"Normal W&T, Marks on Screen",,,,FALSE,,83.00%,Above,DanOffice
1,Smartphone,Apple,iPhone 8,FFMZR030N1N0,,,128 GB,D,"Normal W&T, Broken Screen",,,,FALSE,,87.00%,Above,DanOffice
1,Server,HPE,ProLiant ML30 Gen9 (TWR),CZ164800WE,e3-1220,16 GB DDR4,1 TB,B,Normal W&T,,,,TRUE,,,,DanOffice
1,Desktop,Lenovo,ThinkCentre M720q (Tiny),PC18DXAS,I5-8400T,8 GB DDR4,256 GB,B,Normal W&T,,,,TRUE,,,,DanOffice
1,Desktop,Lenovo,ThinkCentre M900 (Tiny),S4U26834,I5-6500T,8 GB DDR4,192 GB,B,Normal W&T,,,,TRUE,,,,DanOffice
1,Laptop,Lenovo,ThinkPad T14 Gen 3,PF4D9SCV,I5-1235U,16 GB DDR4,256 GB,B,Normal W&T,,,,TRUE,Nordic,,,DanOffice
1,Laptop,Lenovo,ThinkPad T14s Gen 1,PC1P593M,I5-10210U,16 GB DDR4,256 GB,D,"Normal W&T, Marks on Screen, Medium Tear (Top Cover), Defective Mousepad",,,,FALSE,Nordic,,,DanOffice
1,Laptop,Lenovo,ThinkPad T14s Gen 2i,GM0DZ7YE,I5-1135G7,16 GB DDR4,512 GB,C,"Normal W&T, Screen Miscoloration.",,,,FALSE,Nordic,,,DanOffice
1,Laptop,Lenovo,ThinkPad T490s,PC17ZJL7,I5-8265U,16 GB DDR4,256 GB,D,"Normal W&T, Marks on Screen, Dead Pixel on Screen, Heavy Tear (Top Cover and Palmrest), Worn Trackpad, Defective CMOS Battery",,,,FALSE,Nordic,,,DanOffice
1,Laptop,Lenovo,ThinkPad L570,MP1CXS4X,I5-7200U,8 GB DDR4,180 GB,B,Normal W&T,,,,TRUE,Danish,,,DanOffice
1,Laptop,Lenovo,ThinkPad T14 Gen 4,PF4PQXSF,I5-1335U,16 GB DDR5,256 GB,B,Normal W&T,,,,TRUE,Nordic,1,Above,DanOffice
1,Laptop,Lenovo,ThinkPad X1 Carbon 5th,PF13WGU7,I5-7200U,8 GB DDR3,256 GB,B,"Normal W&T, Worn CMOS battery",,,,TRUE,Danish,0.85,Above,DanOffice
1,Laptop,Lenovo,ThinkPad T14 Gen 4,PF4HW6F7,I5-1335U,16 GB DDR5,256 GB,B,Normal W&T,,,,TRUE,Nordic,100.00%,Above,DanOffice
1,Laptop,Lenovo,ThinkPad X1 Carbon 5th,PF0SGKPN,I7-7500U,16 GB DDR3,1 TB,D,"Normal W&T, Marks on Screen, Worn Trackpad",,,,FALSE,Danish,33.00%,Below,DanOffice
1,Laptop,Microsoft,Surface Pro 7+,169828104953,I3,8 GB DDR4,128 GB,B,Normal W&T,,,,TRUE,Nordic,,,DanOffice
1,Laptop,Lenovo,ThinkPad L15 Gen 1,PF3PZL9G,Ryzen 5 4500U,8 GB DDR4,No,D,"Normal W&T, Marks on Screen, Defect Trackpad (Left and right button)",,,,FALSE,Nordic,95.00%,Above,DanOffice
1,Laptop,Microsoft,Surface Pro 6,39925792953,I5-8350U,8 GB DDR3,256 GB,D,"Normal W&T, Dead Pixels",,,,FALSE,Nordic,0.56,Below,DanOffice
1,Laptop,Microsoft,Surface Pro 4,33855454853,I5-6300U,4 GB DDR3,128 GB,B,Normal W&T,,,,TRUE,Nordic,84.00%,Above,DanOffice
1,Laptop,Microsoft,Surface Pro 7,18154201553,I5-1035G4,8 GB DDR4,256 GB,C,"Normal W&T, Worn Keyboard",,,,TRUE,Nordic,76.00%,Below,DanOffice
1,Laptop,Microsoft,Surface Pro 4,45934354853,I5-6300U,4 GB DDR3,128 GB,D,"Normal W&T, Defective Touchscreen (Not working)",,,,FALSE,Nordic,82.00%,Above,DanOffice
1,Docking Station,Dell,WD22TB4,GFDP4S3,,,,C,"Normal W&T, Heavy Tear (Top Cover)",,,,FALSE,,,,HUC
1,Laptop,Dell,Precision 5540,J1ZWM53,i7-9850H,32 GB DDR4,1024 GB NVMe,B,"Normal W&T, Faint White Spot (Bemærk; Laptop har Touchscreen)",Sticky Keys,MAR,,TRUE,Nordic,88.00%,Above,Kosmos
1,Dock,HP,USB-C Dock G5,5CG152W7DW,,,,C,"Normal W&T, Cracked Cover (LAN port)",,,,TRUE,,,,Kornferry
1,Desktop,Dell,OptiPlex 7090 Micro,1PL8SK3,i7-10700T,16 GB DDR4,256 GB NVMe,C,"Normal W&T, Heavy Tear(Top Cover), Power Button Broken",Repair will need to replace the pwr button on the system board,Yes,,FALSE,,,,January '26
1,Desktop,Dell,OptiPlex Micro Plus 7010,76JDWY3,i7-13700,16 GB DDR5,256 GB NVMe,B,Normal W&T,,Yes,,FALSE,,,,January '26
1,Desktop,Dell,OptiPlex 7000 Micro,482C5S3,i7-12700T,16 GB DDR4,256 GB NVMe,B,Normal W&T,,Yes,,FALSE,,,,January '26
1,Desktop,Lenovo,ThinkCentre M73 Micro,PC05XZL7,i5-4590T,16 GB DDR3,500 GB HDD,B,"Normal W&T, can't install Windows 11",,,,FALSE,,,,January '26
1,Desktop,Dell,Optiplex 7000 Micro,1TB2HR3,i7-12700T,16 GB DDR4,512 GB,C,"Normal W&T, Scratches (Front Cover)",,MAR,,TRUE,,,,December '25
1,Laptop,Dell,Latitude 5410,6BMGP73,i7-10610U,16 GB DDR4,256 GB NVMe,C,"Normal W&T, Heavy Tear (Top Cover), Marks on Screen",,No,,FALSE,German,0.63,Below,January '26
1,Laptop,Dell,Latitude 5410,9GM0043,i7-10610U,16 GB DDR4,256 GB NVMe,C,"Normal W&T, Heavy Tear (Top Cover)",,No,,FALSE,French,0.71,Below,January '26
1,Laptop,Dell,Latitude 5410,FMFQN73,i7-10610U,16 GB DDR4,256 GB NVMe,C,"Normal W&T, Heavy Tear (Top Cover & Bezel)",,No,,FALSE,Belgian,64.00%,Below,January '26
1,Laptop,Dell,Latitude 5420,19V86J3,i7-1185G7,16 GB DDR4,256 GB NVMe,C,"Normal W&T, Heavy Tear (Top Cover), Cracked Bottom Cover, Worn Keyboard, Defective USB-C Port",,Yes,GBT,FALSE,English UK,49.00%,Below,January '26
1,Laptop,Dell,Latitude 5420,38G46J3,i7-1185G7,16 GB DDR4,256 GB NVMe,C,"Normal W&T, Heavy Tear (Top Cover), Marks on Screen",,Yes,GBT,FALSE,English UK,56.00%,Below,January '26
1,Laptop,Dell,Latitude 5420,HY836J3,i7-1185G7,16 GB DDR4,256 GB NVMe,C,"Normal W&T, Heavy Tear (Palmrest, Top & Bottom Cover), Whitespots on Screen",,Yes,GBT,FALSE,French,64.00%,Below,January '26
1,Laptop,Dell,Latitude 5420,699C5M3,i7-1185G7,16 GB DDR4,256 GB NVMe,C,"Normal W&T, Heavy tear (Top & Bottom Cover), Marks on Screen",,Yes,GBT,FALSE,English UK,59.00%,Below,January '26
1,Laptop,Dell,Latitude 5420,875Q5J3,i7-1185G7,16 GB DDR4,256 GB NVMe,D,"N W&T, Heavy Tear (Top & Bottom Cover), Metlting Damage (Top Cover), Worn Key (Alt), Whitesspots",,Yes,GBT,FALSE,English UK,59.00%,Below,January '26
1,Laptop,Dell,Latitude 5420,C49L4J3,i7-1185G7,16 GB DDR4,256 GB NVMe,B,Normal W&T,,Yes,GBT,FALSE,French,93.00%,Above,January '26
1,Laptop,Dell,Latitude 5420,132K4J3,i7-1185G7,16 GB DDR4,256 GB NVMe,C,"Normal W&T, Heavy Tear (Palmrest, Top & Bottom Cover), Marks on Screen",,Yes,GBT,FALSE,German,97.00%,Above,January '26
1,Laptop,Dell,Latitude 5420,6SWMMN3,i7-1185G7,16 GB DDR4,256 GB NVMe,C,"Normal W&T, Heavy Tear (Palmrest, Top & Bottom Cover)",,Yes,GBT,FALSE,Spanish,62.00%,Below,January '26
1,Laptop,Dell,Latitude 5420,9L903M3,i7-1185G7,16 GB DDR4,256 GB NVMe,C,"Normal W&T, Heavy Tear (Top & Bottom Cover), Broken Bezel, Marks on Screen",,Yes,GBT,FALSE,English UK,69.00%,Below,January '26
1,Laptop,Dell,Latitude 5420,9M3C5M3,i7-1185G7,16 GB DDR4,256 GB NVMe,C,"Normal W&T, Heavy Tear (Top Cover & Palmrest), Worn Keys (E,R,T,A,S,D,H,L,K,C,V,N,M)",,Yes,GBT,FALSE,English UK,62.00%,Below,January '26
1,Laptop,Dell,Latitude 5420,5KGJ6M3,i7-1185G7,16 GB DDR4,256 GB NVMe,C,"Normal W&T, Whitespots on Screen",,Yes,GBT,FALSE,English International,64.00%,Below,January '26
1,Laptop,Dell,Latitude 5400,FL9XP13,i7-8665U,16 GB DDR4,256 GB,C,"Normal W&T, Marks on Screen, Crashes in Certus",,No,,FALSE,English UK/Irish,N/A,N/A,January '26
1,Laptop,Dell,Latitude 5400,J666633,i7-8665U,16 GB DDR4,256 GB,C,"Normal W&T, Drop Damage (Palmrest), Whitespots on Screen, Broken Bezel, Missing Trackpoint",,No,,FALSE,US International,0.62,Below,January '26
1,Desktop,Dell,Optiplex 7070 Ultra,CPX3G33,i7-8665U,16 GB DDR4,256 GB,B,"Normal W&T, Disk 54%",,No,,FALSE,,,,January '26
1,Desktop,Dell,Optiplex 7070 Ultra,2N5B833,i7-8665U,16 GB DDR4,256 GB,B,"Normal W&T, Disk 58%, Noisy fan",,No,,FALSE,,,,January '26
1,Docking Station,Dell,WD19S,CQQ2LP3,N/A,N/A,N/A,C,"Normal W&T, Scratches",,,,FALSE,N/A,N/A,N/A,HUC
1,Docking Station,Lenovo,40A9,ZAF0FD2F,,,,B,Normal W&T,,,,TRUE,,,,El-Recycling
1,Desktop,Dell,OptiPlex Micro Plus 7010,4YTCYY3,i7-13700,16 GB DDR5,256 GB NVMe,B,Normal W&T,,MAR,,TRUE,,,,August '25
1,Docking Station,Lenovo,40A9,ZAF0C96X,,,,B,Normal W&T,,,,FALSE,,,,El-Recycling
1,Laptop,Apple,"MacBook Pro (18,1)",GWR9C077QW,Apple M1,16 GB DDR5,1000 GB NVMe,C,"Normal W&T, Marks on Screen",,No,,,Spanish,0.84,Above,January '26
1,Laptop,Apple,"MacBook Pro (18,1)",MFCFMXPG67,Apple M1,16 GB DDR5,500 GB NVMe,C,"Normal W&T, Dent (Top Cover), Small Marks on Screen",,No,,,English,0.85,Above,January '26
1,Laptop,Dell,Latitude 5410,JWH2893,i7-10610U,16 GB DDR4,256 GB NVMe,C,"Normal W&T, Heavy Tear (Top Cover)",,,,,Nordic,0.62,Below,Oktober '2024
1,Laptop,Dell,Latitude 5410,DDNFP73,i7-10610U,16 GB DDR4,256 GB NVMe,C,"Normal W&T, Heavy Tear (Top Cover)",,,,,German,82.00%,Above,Oktober '2024
1,Laptop,Dell,Latitude 5410,5C3J793,i7-10610U,16 GB DDR4,256 GB NVMe,C,"Normal W&T, Heavy Tear (Top Cover)",Sticky Keys,,,,Nordic,79.00%,Below,Oktober '2024
1,Laptop,Dell,Latitude 5430,73G2SQ3,i7-1265U,16 GB DDR4,256 GB NVMe,C,"Normal W&T, Heavy Tear (Top Cover), Marks on Screen, Broken Camera Glass",,No,,,English UK,72.00%,Below,January '26
1,Laptop,Dell,Latitude 5430,DGRRKR3,i7-1265U,16 GB DDR4,256 GB,D,"Normal W&T, Broken Screen (R), Worn Keyboard (R), Freezes in Certus (W)",,Yes,GBT,,English UK,N/A,N/A,January '26
1,Laptop,Dell,Latitude 5430,6D9SVV3,i7-1255U,16 GB DDR4,256 GB NVMe,C,"Normal W&T, Heavy Tear (Top Cover), Marks on Screen",,Yes,GBT,FALSE,Hungarian,0.84,Above,January '26
1,Laptop,Dell,Latitude 5430,86XTRQ3,i7-1255U,16 GB DDR4,256 GB NVMe,C,"Normal W&T, Whitespots on Screen",,Yes,GBT,TRUE,French (Europe),0.66,Below,January '26
1,Laptop,Dell,Latitude 5430,B68JTQ3,i7-1265U,16 GB DDR4,256 GB NVMe,C,"Normal W&T, Heavy Tear (Top Cover)",,Yes,GBT,,French (Europe),0.82,Above,January '26
1,Laptop,Dell,Latitude 5430,HR7XSQ3,i7-1265U,16 GB DDR4,256 GB NVMe,D,"N W&T, Heavy Tear (Palmrest), Cracked Top & Bottom Cover), 2 Defective USB Ports, Whitespots",,Yes,GBT,,Spanish Castillian,66.00%,Below,January '26
1,Laptop,Dell,Latitude 5430,32JSVV3,i7-1255U,16 GB DDR4,256 GB NVMe,C,"Normal W&T, Heavy Tear (Top Cover), Marks on Screen",,Yes,GBT,,German,100.00%,Above,January '26
1,Laptop,Dell,Latitude 5430,17JLSQ3,i7-1265U,16 GB DDR4,256 GB NVMe,C,"Normal W&T, Heavy Tear (Top & Bottom Cover), Small Marks on Screen",,Yes,GBT,,English UK,77.00%,Below,January '26
1,Laptop,Dell,Latitude 5430,6BY5KR3,i7-1255U,16 GB DDR4,256 GB NVMe,B,"Normal W&T, Faint Whitespotrs on Screen",,Yes,GBT,TRUE,Danish,100.00%,Above,January '26
1,Laptop,Dell,Latitude 5430,CG2J5X3,i7-1265U,16 GB DDR4,256 GB NVMe,B,Normal W&T,,Yes,GBT,TRUE,Spanish (Castillian),97.00%,Above,January '26
1,Laptop,Dell,Latitude 5430,5PVHSQ3,i7-1265U,16 GB DDR4,256 GB NVMe,B,Normal W&T,,Yes,GBT,,English US,75.00%,Below,January '26
1,Laptop,Dell,Latitude 5430,DXDMSQ3,i7-1265U,16 GB DDR4,256 GB NVMe,C,"Normal W&T, Heavy Tear (Top & Bottom Cover)",,Yes,GBT,,English UK,88.00%,Above,January '26
1,Laptop,Dell,Latitude 5430,4WLYCK3,i7-1255U,16 GB DDR4,256 GB NVMe,D,"Normal W&T, Heavy Tear (Top & Bottom Cover), Broken Screen, Broken Camera Glass",,Yes,GBT,,English International,87.00%,Above,January '26
1,Laptop,Dell,Latitude 5430,F4MXSQ3,i7-1265U,16 GB DDR4,256 GB NVMe,D,"Normal W&T, Heavy Tear (Top Cover Edge & Palmrest), Cracked Bottom Cover, Broken Screen",,Yes,GBT,,Spanish Castillian,68.00%,Below,January '26
1,Laptop,Dell,Latitude 3420,F92WGS3,i5-1145G7,16 GB DDR4,256 GB NVMe,C,"Normal W&T, Small Crack (Bottom Cover)",,Yes,GBT,,Scandinavian (MUI),100.00%,Above,January '26
1,Laptop,Dell,Latitude 5430,H8M2SQ3,i7-1265U,16 GB DDR4,256 GB NVMe,C,Normal W&T. Whitespots on Screen,,Yes,GBT,,Scandinavian (MUI),100.00%,Above,January '26
1,Laptop,Dell,Latitude 7440,CJ4HCY3,i7-1370P,32 GB DDR5,512 GB NVMe,C,"Normal W&T, Heavy Tear (Top Cover)",,,,,Norwegian,69.00%,Below,Nordisk Computer Recycling
1,Laptop,Dell,Latitude 7410,GX11793,i7-10610U,16 GB DDR4,256 GB NVMe,C,"N W&T, Small Marks on Screen, Worn Keyboard (E,S,Left Shift), Missing Feet, Heavy Tear(Palmrest)",,,,,Norwegian,50.00%,Below,Nordisk Computer Recycling
1,Laptop,Dell,Latitude 7350,7LNKF64,Ultra 7 165U,16 GB DDR5,512 GB NVMe,B,Normal W&T,,,,,Norwegian,100.00%,Above,Nordisk Computer Recycling
1,Laptop,Dell,Latitude 7310,HQYS4D3,i7-10610U,16 GB DDR4,256 GB NVMe,C,"Normal W&T, Heavy Tear (Top Cover, Bottom Cover)",,,,,Norwegian,61.00%,Below,Nordisk Computer Recycling
1,Laptop,Dell,Latitude 7450,CHGZZ84,Ultra 7 165H,16 GB DDR5,512 GB NVMe,B,Normal W&T,,,,,Norwegian,93.00%,Above,Nordisk Computer Recycling
1,Laptop,Dell,Latitude 7450,FX90D74,Ultra 7 165H,16 GB DDR5,512 GB NVMe,B,Normal W&T,,,,,Norwegian,100.00%,Above,Nordisk Computer Recycling
1,Laptop,Dell,Latitude 7450,6SMCX54,Ultra 7 165H,16 GB DDR5,512 GB NVMe,C,"Normal W&T, Marks on screen",,,,,Norwegian,96.00%,Above,Nordisk Computer Recycling
1,Laptop,Dell,Latitude 7440,BPRC9Y3,i7-1370P,16 GB DDR5,256 GB NVMe,C,"Normal W&T, Heavy Tear (Top Cover)",,,,,Norwegian,96.00%,Above,Nordisk Computer Recycling
1,Laptop,Dell,Latitude 7440,3MJH114,i7-1370P,32 GB DDR5,512 GB NVMe,B,Normal W&T,,,,,Norwegian,80.00%,Above,Nordisk Computer Recycling
1,Laptop,Dell,Latitude 7420,6KP4QN3,i7-1185G7,32 GB DDR4,256 GB NVMe,B,Normal W&T,,,,,Hungarian,86.00%,Above,Nordisk Computer Recycling
1,Laptop,Dell,Latitude 7420,1TQ24J3,i7-1185G7,16 GB DDR4,256 GB NVMe,C,"Normal W&T, Heavy Tear (Top Cover)",,,,,Norwegian,62.00%,Below,Nordisk Computer Recycling
1,Laptop,Dell,Latitude 7430,6C2W1T3,i7-1270P,32 GB DDR5,512 GB NVMe,C,"Normal W&T, Heavy Wear (Top Cover, Palmrest), Worn Trackpad",,,,,Norwegian,71.00%,Below,Nordisk Computer Recycling
1,Laptop,Dell,Latitude 7420,BB597M3,i7-1185G7,16 GB DDR4,256 GB NVMe,B,Normal W&T,,,,,Norwegian,42.00%,Below,Nordisk Computer Recycling
1,Laptop,Dell,Latitude 5430,JQ35WV3,i5-1245U,16 GB DDR4,256 GB NVMe,C,"Normal W&T, Heavy Tear (Top Cover), Broken Bezel",,,,,Norwegian,81.00%,Above,Nordisk Computer Recycling
1,Laptop,Dell,Latitude 5430,4MSZVV3,i7-1255U,16 GB DDR4,256 GB NVMe,C,"Normal W&T, Whitespots on Screen",,Yes,GBT,,French (Europe),87.00%,Above,January '26
1,Laptop,Dell,Latitude 3430,B51YGS3,i5-1235U,16 GB DDR4,256 GB,C,"Normal W&T, Defective Keyboard (Unresponsive keys )",,Yes,GBT,,Nordic (MUI),71.00%,Below,January '26
1,Laptop,Dell,Latitude 3420,JSYBHS3,i5-1145G7,16 GB DDR4,256 GB,C,"Normal W&T, Whitespots on Screen",,Yes,GBT,,French,74.00%,Below,January '26
1,Laptop,Dell,Latitude 3420,1L4WGS3,i5-1145G7,16 GB DDR4,256 GB,C,"Normal W&T, Defective Keyboard (Unresponsive Key), Marks on Screen",,Yes,GBT,,Scandinavian (MUI),72.00%,Below,January '26